n,V,resultado,tiempo (backtracking)
0,0,0,0.060863
0,0,0,0.371505
0,0,0,0.079251
0,0,0,0.215441
0,0,0,0.068163
0,0,0,0.109677
0,0,0,0.066976
0,0,0,0.605596
0,0,0,0.072763
0,0,0,0.238304
0,0,0,0.084826
0,0,0,1.24038
0,0,0,0.226778
0,0,0,0.062726
0,0,0,0.064488
0,0,0,0.066601
0,0,0,0.079814
0,0,0,0.285442
0,0,0,0.072189
0,0,0,0.067326
0,10,-1,0.065613
0,10,-1,0.094389
0,10,-1,0.067464
0,10,-1,0.203015
0,10,-1,0.068476
0,10,-1,0.224229
0,10,-1,0.086514
0,10,-1,0.066964
0,10,-1,0.207891
0,10,-1,0.064326
0,10,-1,0.061226
0,10,-1,0.060739
0,10,-1,0.075089
0,10,-1,0.282042
0,10,-1,0.179852
0,10,-1,0.198903
0,10,-1,0.185091
0,10,-1,0.188678
0,10,-1,0.075538
0,10,-1,0.239117
0,20,-1,0.081027
0,20,-1,0.069451
0,20,-1,0.067839
0,20,-1,0.064838
0,20,-1,0.059876
0,20,-1,0.67391
0,20,-1,0.173003
0,20,-1,0.077676
0,20,-1,0.082301
0,20,-1,0.064901
0,20,-1,0.266904
0,20,-1,0.060263
0,20,-1,0.218029
0,20,-1,0.20044
0,20,-1,0.073176
0,20,-1,0.066926
0,20,-1,0.269441
0,20,-1,0.085376
0,20,-1,0.282792
0,20,-1,0.142365
0,30,-1,0.076501
0,30,-1,0.068801
0,30,-1,0.248617
0,30,-1,0.195966
0,30,-1,0.18614
0,30,-1,0.067089
0,30,-1,0.231004
0,30,-1,0.222153
0,30,-1,0.183815
0,30,-1,0.183291
0,30,-1,0.179727
0,30,-1,0.193503
0,30,-1,0.186953
0,30,-1,0.191478
0,30,-1,0.189228
0,30,-1,0.199741
0,30,-1,0.076651
0,30,-1,0.070376
0,30,-1,0.067764
0,30,-1,0.074751
0,40,-1,0.067376
0,40,-1,0.060326
0,40,-1,0.215866
0,40,-1,0.099651
0,40,-1,0.064301
0,40,-1,0.193816
0,40,-1,0.193415
0,40,-1,0.130814
0,40,-1,0.063901
0,40,-1,0.275042
0,40,-1,0.186728
0,40,-1,0.194678
0,40,-1,0.066888
0,40,-1,0.229541
0,40,-1,0.072601
0,40,-1,0.261604
0,40,-1,0.071313
0,40,-1,0.064889
0,40,-1,0.427394
0,40,-1,0.069938
0,50,-1,0.072077
0,50,-1,0.063076
0,50,-1,0.073264
0,50,-1,0.189265
0,50,-1,0.058739
0,50,-1,0.212329
0,50,-1,0.068001
0,50,-1,0.068839
0,50,-1,0.070676
0,50,-1,0.074664
0,50,-1,0.075114
0,50,-1,0.073101
0,50,-1,0.094952
0,50,-1,0.066751
0,50,-1,0.077364
0,50,-1,0.067663
0,50,-1,0.064176
0,50,-1,0.071101
0,50,-1,0.229029
0,50,-1,0.087514
0,60,-1,0.233391
0,60,-1,0.186841
0,60,-1,0.068539
0,60,-1,0.261554
0,60,-1,0.071951
0,60,-1,0.319692
0,60,-1,0.063226
0,60,-1,0.065626
0,60,-1,0.236578
0,60,-1,0.086126
0,60,-1,0.069089
0,60,-1,0.066351
0,60,-1,0.333955
0,60,-1,0.062701
0,60,-1,0.065976
0,60,-1,0.063576
0,60,-1,0.067789
0,60,-1,0.074564
0,60,-1,0.065738
0,60,-1,0.279904
0,70,-1,0.17939
0,70,-1,0.196666
0,70,-1,0.201453
0,70,-1,0.187228
0,70,-1,0.170415
0,70,-1,0.192903
0,70,-1,0.061701
0,70,-1,0.066839
0,70,-1,0.067926
0,70,-1,0.072476
0,70,-1,0.245179
0,70,-1,0.070713
0,70,-1,0.063763
0,70,-1,0.060201
0,70,-1,0.076526
0,70,-1,0.073001
0,70,-1,0.291692
0,70,-1,0.092864
0,70,-1,0.072764
0,70,-1,0.065914
0,80,-1,0.074376
0,80,-1,0.081702
0,80,-1,0.245941
0,80,-1,0.090176
0,80,-1,0.219078
0,80,-1,0.078914
0,80,-1,0.223466
0,80,-1,0.070676
0,80,-1,0.073589
0,80,-1,0.249616
0,80,-1,0.061814
0,80,-1,0.238779
0,80,-1,0.073576
0,80,-1,1.02672
0,80,-1,0.438194
0,80,-1,0.075989
0,80,-1,0.210529
0,80,-1,0.092389
0,80,-1,0.097214
0,80,-1,0.066464
0,90,-1,0.193853
0,90,-1,0.0612
0,90,-1,0.183877
0,90,-1,0.060851
0,90,-1,0.112427
0,90,-1,0.081013
0,90,-1,0.195203
0,90,-1,0.17519
0,90,-1,0.082176
0,90,-1,0.063301
0,90,-1,0.238291
0,90,-1,0.085626
0,90,-1,0.095127
0,90,-1,0.232416
0,90,-1,0.066413
0,90,-1,0.071838
0,90,-1,0.232266
0,90,-1,0.095952
0,90,-1,0.070901
0,90,-1,0.060288
0,100,-1,0.070502
0,100,-1,0.075788
0,100,-1,0.079676
0,100,-1,0.187041
0,100,-1,0.224054
0,100,-1,0.059788
0,100,-1,0.119089
0,100,-1,0.070639
0,100,-1,0.068989
0,100,-1,0.062051
0,100,-1,0.067951
0,100,-1,0.068626
0,100,-1,0.235603
0,100,-1,0.066913
0,100,-1,0.272692
0,100,-1,0.198078
0,100,-1,0.074152
0,100,-1,0.201278
0,100,-1,0.058989
0,100,-1,0.271141
0,110,-1,0.073013
0,110,-1,0.062676
0,110,-1,0.279954
0,110,-1,0.188303
0,110,-1,0.284905
0,110,-1,0.066389
0,110,-1,0.071351
0,110,-1,0.227078
0,110,-1,0.18389
0,110,-1,0.188815
0,110,-1,0.19209
0,110,-1,0.193541
0,110,-1,0.187028
0,110,-1,0.184328
0,110,-1,0.203491
0,110,-1,0.171328
0,110,-1,0.175915
0,110,-1,0.240416
0,110,-1,0.070201
0,110,-1,0.077326
0,120,-1,0.201365
0,120,-1,0.204628
0,120,-1,0.194816
0,120,-1,0.204629
0,120,-1,0.186128
0,120,-1,0.276767
0,120,-1,0.228679
0,120,-1,0.18874
0,120,-1,0.122452
0,120,-1,0.226841
0,120,-1,0.069501
0,120,-1,0.069051
0,120,-1,0.077589
0,120,-1,0.066889
0,120,-1,0.146215
0,120,-1,0.784962
0,120,-1,0.068813
0,120,-1,0.071889
0,120,-1,0.066626
0,120,-1,0.067989
0,130,-1,0.194903
0,130,-1,0.201066
0,130,-1,0.075988
0,130,-1,0.103801
0,130,-1,0.076726
0,130,-1,0.069101
0,130,-1,0.067351
0,130,-1,0.068101
0,130,-1,0.068964
0,130,-1,0.176965
0,130,-1,0.068864
0,130,-1,0.356243
0,130,-1,0.060451
0,130,-1,0.069113
0,130,-1,0.16474
0,130,-1,0.089151
0,130,-1,0.077164
0,130,-1,0.072464
0,130,-1,0.259479
0,130,-1,0.081263
0,140,-1,0.190091
0,140,-1,0.070851
0,140,-1,0.061726
0,140,-1,0.195553
0,140,-1,0.078064
0,140,-1,0.186915
0,140,-1,0.071177
0,140,-1,0.231454
0,140,-1,0.079426
0,140,-1,0.067113
0,140,-1,0.064888
0,140,-1,0.064876
0,140,-1,0.068401
0,140,-1,0.072888
0,140,-1,0.074939
0,140,-1,0.231967
0,140,-1,0.062913
0,140,-1,0.077288
0,140,-1,0.066951
0,140,-1,0.082889
0,150,-1,2.37435
0,150,-1,0.063838
0,150,-1,3.25182
0,150,-1,0.081114
0,150,-1,0.067514
0,150,-1,0.073338
0,150,-1,0.076339
0,150,-1,0.072939
0,150,-1,0.070901
0,150,-1,0.069089
0,150,-1,0.068238
0,150,-1,0.078101
0,150,-1,0.738598
0,150,-1,0.195365
0,150,-1,0.192865
0,150,-1,0.19184
0,150,-1,0.059426
0,150,-1,0.240379
0,150,-1,0.228441
0,150,-1,0.189415
0,160,-1,0.418357
0,160,-1,0.190928
0,160,-1,0.184603
0,160,-1,0.060613
0,160,-1,0.072038
0,160,-1,0.079352
0,160,-1,0.070964
0,160,-1,0.073201
0,160,-1,0.236228
0,160,-1,0.075714
0,160,-1,0.243141
0,160,-1,0.065638
0,160,-1,0.070676
0,160,-1,0.066863
0,160,-1,0.256828
0,160,-1,0.093701
0,160,-1,0.239616
0,160,-1,0.194341
0,160,-1,0.072888
0,160,-1,0.080489
0,170,-1,0.228991
0,170,-1,0.082326
0,170,-1,0.20619
0,170,-1,0.062513
0,170,-1,0.204015
0,170,-1,0.071088
0,170,-1,0.068314
0,170,-1,0.076613
0,170,-1,0.067638
0,170,-1,0.072814
0,170,-1,0.257691
0,170,-1,0.059563
0,170,-1,0.074401
0,170,-1,0.069126
0,170,-1,0.082826
0,170,-1,0.067201
0,170,-1,0.083239
0,170,-1,0.256228
0,170,-1,0.071139
0,170,-1,0.067151
0,180,-1,0.166553
0,180,-1,0.235904
0,180,-1,0.071626
0,180,-1,0.077151
0,180,-1,0.198465
0,180,-1,0.187691
0,180,-1,0.069151
0,180,-1,0.073563
0,180,-1,0.174765
0,180,-1,0.060038
0,180,-1,0.206766
0,180,-1,0.196941
0,180,-1,0.185702
0,180,-1,0.201691
0,180,-1,0.062963
0,180,-1,0.181878
0,180,-1,0.18174
0,180,-1,0.093889
0,180,-1,0.082127
0,180,-1,0.096314
0,190,-1,0.224354
0,190,-1,0.088151
0,190,-1,0.061114
0,190,-1,0.073363
0,190,-1,0.069751
0,190,-1,0.075964
0,190,-1,0.069576
0,190,-1,0.260729
0,190,-1,0.083002
0,190,-1,0.060763
0,190,-1,0.086864
0,190,-1,0.080563
0,190,-1,0.070776
0,190,-1,0.060701
0,190,-1,0.066401
0,190,-1,0.073689
0,190,-1,0.070714
0,190,-1,0.187928
0,190,-1,0.070051
0,190,-1,0.207616
0,200,-1,0.072539
0,200,-1,0.080576
0,200,-1,0.074951
0,200,-1,0.064301
0,200,-1,0.076589
0,200,-1,0.210179
0,200,-1,0.176553
0,200,-1,0.062701
0,200,-1,0.248141
0,200,-1,0.200416
0,200,-1,0.194628
0,200,-1,0.196528
0,200,-1,0.189441
0,200,-1,0.190478
0,200,-1,0.078476
0,200,-1,0.093339
0,200,-1,0.075326
0,200,-1,0.081001
0,200,-1,0.202853
0,200,-1,0.183715
0,210,-1,0.083338
0,210,-1,0.058026
0,210,-1,0.094026
0,210,-1,0.072564
0,210,-1,0.062001
0,210,-1,0.074376
0,210,-1,0.072901
0,210,-1,0.073789
0,210,-1,0.068639
0,210,-1,0.068388
0,210,-1,0.063813
0,210,-1,0.070339
0,210,-1,0.079202
0,210,-1,0.070351
0,210,-1,0.237366
0,210,-1,0.21999
0,210,-1,0.186203
0,210,-1,0.186027
0,210,-1,0.185716
0,210,-1,0.18654
0,220,-1,0.185215
0,220,-1,0.277917
0,220,-1,0.187365
0,220,-1,0.177403
0,220,-1,0.078089
0,220,-1,0.179503
0,220,-1,0.180053
0,220,-1,0.265142
0,220,-1,0.173353
0,220,-1,0.185402
0,220,-1,0.173603
0,220,-1,0.190228
0,220,-1,0.18484
0,220,-1,0.184803
0,220,-1,0.176841
0,220,-1,0.089226
0,220,-1,0.079326
0,220,-1,0.247104
0,220,-1,0.068188
0,220,-1,0.204428
0,230,-1,0.068789
0,230,-1,0.248379
0,230,-1,0.276079
0,230,-1,0.090889
0,230,-1,0.082264
0,230,-1,0.076076
0,230,-1,0.081939
0,230,-1,0.077639
0,230,-1,0.332655
0,230,-1,0.087289
0,230,-1,0.223904
0,230,-1,0.065938
0,230,-1,0.247141
0,230,-1,0.082377
0,230,-1,0.080201
0,230,-1,0.222516
0,230,-1,0.071951
0,230,-1,0.248942
0,230,-1,0.202428
0,230,-1,0.083726
0,240,-1,0.186603
0,240,-1,2.05486
0,240,-1,0.181353
0,240,-1,0.101677
0,240,-1,0.073976
0,240,-1,0.220466
0,240,-1,0.069026
0,240,-1,0.067351
0,240,-1,0.068001
0,240,-1,0.069026
0,240,-1,0.183603
0,240,-1,0.200428
0,240,-1,0.176815
0,240,-1,0.195091
0,240,-1,0.067963
0,240,-1,0.227953
0,240,-1,0.072239
0,240,-1,0.248517
0,240,-1,0.089101
0,240,-1,0.064876
0,250,-1,0.064051
0,250,-1,0.062776
0,250,-1,0.065326
0,250,-1,0.065764
0,250,-1,0.277292
0,250,-1,0.077252
0,250,-1,0.068801
0,250,-1,0.060963
0,250,-1,0.069251
0,250,-1,0.256516
0,250,-1,0.083939
0,250,-1,0.222416
0,250,-1,0.073902
0,250,-1,0.094476
0,250,-1,0.082089
0,250,-1,0.064064
0,250,-1,0.068189
0,250,-1,0.187391
0,250,-1,0.072264
0,250,-1,0.726012
0,260,-1,0.180391
0,260,-1,0.181291
0,260,-1,0.182103
0,260,-1,0.099352
0,260,-1,0.059876
0,260,-1,0.218878
0,260,-1,0.105677
0,260,-1,0.061438
0,260,-1,0.072814
0,260,-1,0.241679
0,260,-1,0.082551
0,260,-1,0.088939
0,260,-1,0.215378
0,260,-1,0.063276
0,260,-1,0.274904
0,260,-1,0.082876
0,260,-1,0.068676
0,260,-1,0.072451
0,260,-1,0.072326
0,260,-1,0.061638
0,270,-1,0.071876
0,270,-1,0.289517
0,270,-1,0.060663
0,270,-1,0.069414
0,270,-1,0.071939
0,270,-1,0.068964
0,270,-1,0.066238
0,270,-1,0.074076
0,270,-1,0.067939
0,270,-1,0.071801
0,270,-1,0.201315
0,270,-1,0.059013
0,270,-1,0.070838
0,270,-1,0.279029
0,270,-1,0.083876
0,270,-1,0.261654
0,270,-1,0.069826
0,270,-1,0.250866
0,270,-1,0.184516
0,270,-1,0.069713
0,280,-1,0.069276
0,280,-1,0.183852
0,280,-1,0.068564
0,280,-1,0.201503
0,280,-1,0.070188
0,280,-1,0.069201
0,280,-1,0.059438
0,280,-1,0.080439
0,280,-1,0.237317
0,280,-1,0.076789
0,280,-1,0.078889
0,280,-1,0.068826
0,280,-1,0.069651
0,280,-1,0.208166
0,280,-1,0.070126
0,280,-1,0.183453
0,280,-1,0.186278
0,280,-1,0.177015
0,280,-1,0.059913
0,280,-1,0.060326
0,290,-1,0.089539
0,290,-1,0.061489
0,290,-1,0.068664
0,290,-1,0.095114
0,290,-1,0.20469
0,290,-1,0.074626
0,290,-1,0.065401
0,290,-1,0.075801
0,290,-1,0.069014
0,290,-1,0.085839
0,290,-1,0.075852
0,290,-1,0.078676
0,290,-1,0.292167
0,290,-1,0.078601
0,290,-1,0.058414
0,290,-1,0.068963
0,290,-1,0.074327
0,290,-1,0.093577
0,290,-1,0.16744
0,290,-1,0.076326
0,300,-1,0.366255
0,300,-1,0.069664
0,300,-1,0.189753
0,300,-1,0.074751
0,300,-1,0.077839
0,300,-1,0.187128
0,300,-1,0.064238
0,300,-1,0.072239
0,300,-1,0.250904
0,300,-1,0.176427
0,300,-1,0.066489
0,300,-1,0.061251
0,300,-1,0.071426
0,300,-1,0.069988
0,300,-1,0.250929
0,300,-1,0.084476
0,300,-1,0.061713
0,300,-1,0.073214
0,300,-1,0.071851
0,300,-1,0.078789
0,310,-1,0.258816
0,310,-1,0.081688
0,310,-1,0.104414
0,310,-1,0.062976
0,310,-1,0.071488
0,310,-1,0.063313
0,310,-1,0.240228
0,310,-1,0.064126
0,310,-1,0.251904
0,310,-1,0.078663
0,310,-1,0.198228
0,310,-1,0.080338
0,310,-1,0.20379
0,310,-1,0.066139
0,310,-1,0.073739
0,310,-1,0.061613
0,310,-1,0.082477
0,310,-1,0.065213
0,310,-1,0.062638
0,310,-1,0.061701
0,320,-1,0.078751
0,320,-1,0.321055
0,320,-1,0.184603
0,320,-1,0.18669
0,320,-1,0.184865
0,320,-1,0.182415
0,320,-1,0.221329
0,320,-1,0.19229
0,320,-1,0.082202
0,320,-1,0.209466
0,320,-1,0.213778
0,320,-1,0.079127
0,320,-1,0.182753
0,320,-1,0.072913
0,320,-1,0.219416
0,320,-1,0.066701
0,320,-1,0.065601
0,320,-1,0.068251
0,320,-1,0.068901
0,320,-1,0.263354
0,330,-1,0.068401
0,330,-1,0.208529
0,330,-1,0.176915
0,330,-1,0.307292
0,330,-1,0.213703
0,330,-1,0.060764
0,330,-1,0.216828
0,330,-1,1.30703
0,330,-1,0.067201
0,330,-1,0.190916
0,330,-1,0.070126
0,330,-1,0.252217
0,330,-1,0.076601
0,330,-1,0.072651
0,330,-1,0.187053
0,330,-1,0.068101
0,330,-1,0.215253
0,330,-1,0.070488
0,330,-1,0.067426
0,330,-1,0.071651
0,340,-1,0.279416
0,340,-1,0.223878
0,340,-1,0.213303
0,340,-1,0.069288
0,340,-1,0.068001
0,340,-1,0.266779
0,340,-1,0.077301
0,340,-1,0.059139
0,340,-1,0.064588
0,340,-1,0.068076
0,340,-1,0.072251
0,340,-1,0.089726
0,340,-1,0.194378
0,340,-1,0.069339
0,340,-1,0.068464
0,340,-1,0.078601
0,340,-1,0.071764
0,340,-1,0.246229
0,340,-1,0.229429
0,340,-1,0.072751
0,350,-1,0.059689
0,350,-1,0.078339
0,350,-1,0.21514
0,350,-1,0.059439
0,350,-1,0.265292
0,350,-1,0.083538
0,350,-1,0.072551
0,350,-1,0.073776
0,350,-1,0.067414
0,350,-1,0.189403
0,350,-1,0.214291
0,350,-1,0.069714
0,350,-1,0.203416
0,350,-1,0.074401
0,350,-1,0.064051
0,350,-1,0.066426
0,350,-1,0.067901
0,350,-1,0.077464
0,350,-1,0.30728
0,350,-1,0.083252
0,360,-1,0.070276
0,360,-1,0.074751
0,360,-1,0.061364
0,360,-1,0.214366
0,360,-1,0.183703
0,360,-1,0.061701
0,360,-1,0.066401
0,360,-1,0.059776
0,360,-1,0.069313
0,360,-1,0.066401
0,360,-1,0.063976
0,360,-1,0.062451
0,360,-1,0.062664
0,360,-1,0.098339
0,360,-1,0.060051
0,360,-1,0.061438
0,360,-1,0.061351
0,360,-1,0.074851
0,360,-1,0.064714
0,360,-1,0.096389
0,370,-1,0.144214
0,370,-1,0.073539
0,370,-1,0.063714
0,370,-1,0.085052
0,370,-1,0.260491
0,370,-1,0.064238
0,370,-1,0.070939
0,370,-1,0.229566
0,370,-1,0.063401
0,370,-1,0.243128
0,370,-1,0.076539
0,370,-1,0.235104
0,370,-1,0.093952
0,370,-1,0.218291
0,370,-1,0.057789
0,370,-1,0.068614
0,370,-1,0.079063
0,370,-1,0.077876
0,370,-1,0.067689
0,370,-1,0.219953
0,380,-1,0.195765
0,380,-1,0.186253
0,380,-1,0.187303
0,380,-1,0.071589
0,380,-1,0.18499
0,380,-1,0.074051
0,380,-1,0.070101
0,380,-1,0.228328
0,380,-1,0.067438
0,380,-1,0.262842
0,380,-1,0.082226
0,380,-1,0.069801
0,380,-1,0.234366
0,380,-1,0.237041
0,380,-1,0.094389
0,380,-1,0.092176
0,380,-1,0.069989
0,380,-1,0.071314
0,380,-1,0.076189
0,380,-1,0.074664
0,390,-1,0.074439
0,390,-1,0.197978
0,390,-1,0.101664
0,390,-1,0.197953
0,390,-1,0.067551
0,390,-1,0.353018
0,390,-1,0.066664
0,390,-1,0.194178
0,390,-1,0.075414
0,390,-1,0.206416
0,390,-1,0.061564
0,390,-1,0.063901
0,390,-1,0.068451
0,390,-1,0.070313
0,390,-1,0.078739
0,390,-1,0.060964
0,390,-1,0.218541
0,390,-1,0.068013
0,390,-1,0.250916
0,390,-1,0.074976
0,400,-1,0.069588
0,400,-1,0.148177
0,400,-1,0.067526
0,400,-1,0.061439
0,400,-1,0.060689
0,400,-1,0.062901
0,400,-1,0.073826
0,400,-1,0.255179
0,400,-1,0.241166
0,400,-1,0.16779
0,400,-1,0.081514
0,400,-1,0.070489
0,400,-1,0.081851
0,400,-1,0.197878
0,400,-1,0.077926
0,400,-1,0.068264
0,400,-1,0.064851
0,400,-1,0.065476
0,400,-1,0.066051
0,400,-1,0.249104
0,410,-1,0.076951
0,410,-1,0.060851
0,410,-1,0.284405
0,410,-1,0.060839
0,410,-1,0.066639
0,410,-1,0.059489
0,410,-1,0.198166
0,410,-1,0.074826
0,410,-1,0.233104
0,410,-1,0.079364
0,410,-1,0.074688
0,410,-1,0.060738
0,410,-1,0.066939
0,410,-1,0.079964
0,410,-1,0.319205
0,410,-1,0.079264
0,410,-1,0.250917
0,410,-1,0.069826
0,410,-1,0.240691
0,410,-1,0.085164
0,420,-1,0.076389
0,420,-1,0.219854
0,420,-1,0.278892
0,420,-1,0.241516
0,420,-1,0.18734
0,420,-1,0.184016
0,420,-1,0.187365
0,420,-1,0.186528
0,420,-1,0.182191
0,420,-1,0.189165
0,420,-1,0.185491
0,420,-1,0.191891
0,420,-1,0.182328
0,420,-1,0.190141
0,420,-1,0.187352
0,420,-1,0.247917
0,420,-1,0.186653
0,420,-1,0.199453
0,420,-1,0.082839
0,420,-1,0.213253
0,430,-1,0.203728
0,430,-1,0.182528
0,430,-1,0.186953
0,430,-1,0.240316
0,430,-1,0.200328
0,430,-1,0.276079
0,430,-1,0.076014
0,430,-1,0.229929
0,430,-1,0.067239
0,430,-1,0.076876
0,430,-1,0.063888
0,430,-1,0.060688
0,430,-1,0.069476
0,430,-1,0.078039
0,430,-1,0.060851
0,430,-1,0.20934
0,430,-1,0.207041
0,430,-1,0.497958
0,430,-1,0.069813
0,430,-1,0.208353
0,440,-1,0.061251
0,440,-1,0.238404
0,440,-1,0.202028
0,440,-1,0.186378
0,440,-1,0.087776
0,440,-1,0.072726
0,440,-1,0.084727
0,440,-1,0.188066
0,440,-1,0.077302
0,440,-1,0.064876
0,440,-1,0.073551
0,440,-1,0.207066
0,440,-1,0.18689
0,440,-1,0.070564
0,440,-1,0.059676
0,440,-1,0.065851
0,440,-1,0.062639
0,440,-1,0.084201
0,440,-1,0.202441
0,440,-1,0.060889
0,450,-1,0.069213
0,450,-1,0.068551
0,450,-1,0.066138
0,450,-1,0.059601
0,450,-1,0.071101
0,450,-1,0.061826
0,450,-1,0.060963
0,450,-1,0.177015
0,450,-1,0.075801
0,450,-1,0.066188
0,450,-1,0.070551
0,450,-1,0.30718
0,450,-1,0.189128
0,450,-1,0.189553
0,450,-1,0.182803
0,450,-1,0.062639
0,450,-1,0.199641
0,450,-1,0.089402
0,450,-1,0.067414
0,450,-1,0.066126
0,460,-1,0.064651
0,460,-1,0.077413
0,460,-1,0.087876
0,460,-1,0.090176
0,460,-1,0.067276
0,460,-1,0.072026
0,460,-1,0.062776
0,460,-1,0.061739
0,460,-1,0.067239
0,460,-1,0.066951
0,460,-1,0.071214
0,460,-1,0.060389
0,460,-1,0.063051
0,460,-1,0.071226
0,460,-1,0.067351
0,460,-1,0.064626
0,460,-1,0.062826
0,460,-1,0.069088
0,460,-1,0.062001
0,460,-1,0.061026
0,470,-1,0.062651
0,470,-1,0.068064
0,470,-1,0.180427
0,470,-1,0.069363
0,470,-1,0.290567
0,470,-1,0.067739
0,470,-1,0.074214
0,470,-1,0.074001
0,470,-1,0.213903
0,470,-1,0.213253
0,470,-1,0.186266
0,470,-1,0.64321
0,470,-1,0.19809
0,470,-1,0.221916
0,470,-1,0.073288
0,470,-1,0.075064
0,470,-1,0.272642
0,470,-1,0.084726
0,470,-1,0.219766
0,470,-1,0.080364
0,480,-1,0.211765
0,480,-1,0.204378
0,480,-1,0.073514
0,480,-1,0.356293
0,480,-1,0.29833
0,480,-1,0.183953
0,480,-1,0.059688
0,480,-1,0.068777
0,480,-1,0.249628
0,480,-1,0.092664
0,480,-1,0.072001
0,480,-1,0.065064
0,480,-1,0.071976
0,480,-1,0.073376
0,480,-1,0.084039
0,480,-1,0.073764
0,480,-1,0.072451
0,480,-1,0.071214
0,480,-1,0.075638
0,480,-1,0.073051
0,490,-1,0.078426
0,490,-1,0.197316
0,490,-1,0.210453
0,490,-1,0.223653
0,490,-1,0.18179
0,490,-1,0.182252
0,490,-1,0.074326
0,490,-1,0.229266
0,490,-1,0.076751
0,490,-1,0.061363
0,490,-1,0.076977
0,490,-1,0.079764
0,490,-1,0.074313
0,490,-1,0.081826
0,490,-1,0.256216
0,490,-1,0.081163
0,490,-1,0.066688
0,490,-1,0.075701
0,490,-1,0.070689
0,490,-1,0.079989
0,500,-1,0.133189
0,500,-1,0.154065
0,500,-1,0.276066
0,500,-1,0.067389
0,500,-1,0.065313
0,500,-1,0.082001
0,500,-1,0.074489
0,500,-1,0.072138
0,500,-1,0.090314
0,500,-1,0.075276
0,500,-1,0.066113
0,500,-1,0.062401
0,500,-1,0.230878
0,500,-1,0.071513
0,500,-1,0.233366
0,500,-1,0.070139
0,500,-1,0.063201
0,500,-1,0.072826
0,500,-1,0.059263
0,500,-1,0.078426
0,510,-1,0.084613
0,510,-1,0.068676
0,510,-1,0.313717
0,510,-1,0.263092
0,510,-1,0.063663
0,510,-1,0.065189
0,510,-1,0.067038
0,510,-1,0.062901
0,510,-1,0.224853
0,510,-1,0.073264
0,510,-1,0.068613
0,510,-1,0.067901
0,510,-1,0.074564
0,510,-1,0.072802
0,510,-1,0.248542
0,510,-1,0.063026
0,510,-1,0.246278
0,510,-1,0.075126
0,510,-1,0.065338
0,510,-1,0.070601
0,520,-1,0.070514
0,520,-1,0.068201
0,520,-1,0.072038
0,520,-1,0.341155
0,520,-1,0.235991
0,520,-1,0.19384
0,520,-1,0.18394
0,520,-1,0.19144
0,520,-1,0.066026
0,520,-1,0.232991
0,520,-1,0.067689
0,520,-1,0.079726
0,520,-1,0.076039
0,520,-1,0.274742
0,520,-1,0.083051
0,520,-1,0.065376
0,520,-1,0.080613
0,520,-1,0.070814
0,520,-1,0.061213
0,520,-1,0.075801
0,530,-1,0.082051
0,530,-1,0.064376
0,530,-1,0.310167
0,530,-1,0.079314
0,530,-1,0.064876
0,530,-1,0.071701
0,530,-1,0.074764
0,530,-1,0.070351
0,530,-1,0.074251
0,530,-1,0.280067
0,530,-1,0.084851
0,530,-1,0.071276
0,530,-1,0.058401
0,530,-1,0.069164
0,530,-1,1.64801
0,530,-1,0.069376
0,530,-1,0.071126
0,530,-1,0.18544
0,530,-1,0.079738
0,530,-1,0.063301
0,540,-1,0.076226
0,540,-1,0.237779
0,540,-1,0.058701
0,540,-1,0.077926
0,540,-1,0.066901
0,540,-1,0.237753
0,540,-1,0.067788
0,540,-1,0.060551
0,540,-1,0.21449
0,540,-1,0.072039
0,540,-1,0.241241
0,540,-1,0.080027
0,540,-1,0.068038
0,540,-1,0.062651
0,540,-1,0.397019
0,540,-1,0.074939
0,540,-1,0.067513
0,540,-1,0.073288
0,540,-1,0.242191
0,540,-1,0.069714
0,550,-1,0.079064
0,550,-1,0.064976
0,550,-1,0.063226
0,550,-1,0.057739
0,550,-1,0.069713
0,550,-1,0.18539
0,550,-1,0.068863
0,550,-1,0.078427
0,550,-1,0.061389
0,550,-1,0.071939
0,550,-1,0.062089
0,550,-1,0.077339
0,550,-1,0.075826
0,550,-1,0.063751
0,550,-1,0.060863
0,550,-1,0.071901
0,550,-1,0.263216
0,550,-1,0.081602
0,550,-1,0.265891
0,550,-1,0.091652
0,560,-1,0.258629
0,560,-1,0.235978
0,560,-1,0.077764
0,560,-1,0.31638
0,560,-1,0.082277
0,560,-1,0.066601
0,560,-1,0.086627
0,560,-1,0.059001
0,560,-1,0.064126
0,560,-1,0.065288
0,560,-1,0.060688
0,560,-1,0.064426
0,560,-1,0.058676
0,560,-1,0.061038
0,560,-1,0.064139
0,560,-1,0.310079
0,560,-1,0.185428
0,560,-1,0.187341
0,560,-1,0.18619
0,560,-1,0.21109
0,570,-1,0.210929
0,570,-1,0.19549
0,570,-1,0.075726
0,570,-1,0.065564
0,570,-1,0.276804
0,570,-1,0.086501
0,570,-1,0.210465
0,570,-1,0.060438
0,570,-1,0.069426
0,570,-1,0.065751
0,570,-1,0.279304
0,570,-1,0.091926
0,570,-1,0.071414
0,570,-1,0.064113
0,570,-1,0.068351
0,570,-1,0.066563
0,570,-1,0.069476
0,570,-1,0.070214
0,570,-1,0.255304
0,570,-1,0.071326
0,580,-1,0.068726
0,580,-1,0.079563
0,580,-1,0.211691
0,580,-1,0.188028
0,580,-1,0.069026
0,580,-1,0.188178
0,580,-1,0.074376
0,580,-1,0.262554
0,580,-1,0.240417
0,580,-1,0.188728
0,580,-1,0.178865
0,580,-1,0.185378
0,580,-1,0.183877
0,580,-1,0.180765
0,580,-1,0.193278
0,580,-1,0.197228
0,580,-1,0.187591
0,580,-1,0.192703
0,580,-1,0.182853
0,580,-1,0.188278
0,590,-1,0.180291
0,590,-1,0.194428
0,590,-1,0.188328
0,590,-1,0.186503
0,590,-1,0.238903
0,590,-1,0.177116
0,590,-1,0.066063
0,590,-1,0.060138
0,590,-1,0.232453
0,590,-1,0.063551
0,590,-1,0.221741
0,590,-1,0.068276
0,590,-1,0.204528
0,590,-1,0.091501
0,590,-1,0.069314
0,590,-1,0.224491
0,590,-1,0.082413
0,590,-1,0.605346
0,590,-1,0.077826
0,590,-1,0.478269
0,600,-1,0.183915
0,600,-1,0.068501
0,600,-1,0.237391
0,600,-1,0.092477
0,600,-1,0.225291
0,600,-1,0.194916
0,600,-1,0.086301
0,600,-1,0.262455
0,600,-1,0.083151
0,600,-1,0.262792
0,600,-1,0.095602
0,600,-1,0.062451
0,600,-1,0.084713
0,600,-1,0.228691
0,600,-1,0.091851
0,600,-1,0.068226
0,600,-1,0.341205
0,600,-1,0.230591
0,600,-1,0.090826
0,600,-1,0.067301
0,610,-1,0.240792
0,610,-1,0.183678
0,610,-1,0.080826
0,610,-1,0.19709
0,610,-1,0.181853
0,610,-1,0.189128
0,610,-1,0.18749
0,610,-1,0.067939
0,610,-1,0.068801
0,610,-1,0.293529
0,610,-1,0.190203
0,610,-1,0.188941
0,610,-1,0.177815
0,610,-1,0.188616
0,610,-1,0.085714
0,610,-1,0.064613
0,610,-1,0.072076
0,610,-1,0.068826
0,610,-1,0.060063
0,610,-1,0.070901
0,620,-1,0.201828
0,620,-1,0.085313
0,620,-1,0.059689
0,620,-1,0.059325
0,620,-1,0.236641
0,620,-1,0.062876
0,620,-1,0.063238
0,620,-1,0.068901
0,620,-1,0.065289
0,620,-1,0.280792
0,620,-1,0.066889
0,620,-1,0.066464
0,620,-1,0.067413
0,620,-1,0.064538
0,620,-1,0.070839
0,620,-1,0.081588
0,620,-1,0.068189
0,620,-1,0.251042
0,620,-1,0.19349
0,620,-1,0.190966
0,630,-1,0.059676
0,630,-1,0.287617
0,630,-1,0.210691
0,630,-1,0.191253
0,630,-1,0.194953
0,630,-1,0.067201
0,630,-1,0.268429
0,630,-1,0.18659
0,630,-1,0.184928
0,630,-1,0.190166
0,630,-1,0.191115
0,630,-1,0.208254
0,630,-1,0.201304
0,630,-1,0.188253
0,630,-1,0.197065
0,630,-1,0.174177
0,630,-1,0.185603
0,630,-1,0.184728
0,630,-1,0.063564
0,630,-1,0.211815
0,640,-1,0.084139
0,640,-1,0.187616
0,640,-1,0.079351
0,640,-1,0.066951
0,640,-1,0.289405
0,640,-1,0.060401
0,640,-1,0.066039
0,640,-1,0.065976
0,640,-1,0.219753
0,640,-1,0.190753
0,640,-1,0.124102
0,640,-1,0.090264
0,640,-1,0.19804
0,640,-1,0.060401
0,640,-1,0.065001
0,640,-1,0.061426
0,640,-1,0.064676
0,640,-1,0.071288
0,640,-1,0.074076
0,640,-1,0.062726
0,650,-1,0.066876
0,650,-1,0.272942
0,650,-1,0.084114
0,650,-1,3.1026
0,650,-1,0.191541
0,650,-1,0.181753
0,650,-1,0.179015
0,650,-1,0.071338
0,650,-1,0.065138
0,650,-1,0.074713
0,650,-1,0.059376
0,650,-1,0.064751
0,650,-1,0.064426
0,650,-1,0.071713
0,650,-1,0.058026
0,650,-1,0.067126
0,650,-1,0.059088
0,650,-1,0.066013
0,650,-1,0.061289
0,650,-1,0.190003
0,660,-1,0.066939
0,660,-1,0.066151
0,660,-1,0.060151
0,660,-1,0.064489
0,660,-1,0.059351
0,660,-1,0.140853
0,660,-1,0.071376
0,660,-1,0.243029
0,660,-1,0.073739
0,660,-1,0.238391
0,660,-1,0.070664
0,660,-1,0.251092
0,660,-1,0.075564
0,660,-1,0.074501
0,660,-1,0.35363
0,660,-1,0.070238
0,660,-1,0.18009
0,660,-1,0.068926
0,660,-1,0.073589
0,660,-1,0.060201
0,670,-1,0.070201
0,670,-1,0.155628
0,670,-1,0.065913
0,670,-1,0.073438
0,670,-1,0.086139
0,670,-1,0.060464
0,670,-1,0.059751
0,670,-1,0.063301
0,670,-1,0.0636
0,670,-1,0.064151
0,670,-1,0.254529
0,670,-1,0.065913
0,670,-1,0.071401
0,670,-1,0.227966
0,670,-1,0.074351
0,670,-1,0.256804
0,670,-1,0.085664
0,670,-1,0.204603
0,670,-1,0.071401
0,670,-1,0.245642
0,680,-1,0.193778
0,680,-1,0.084677
0,680,-1,0.081339
0,680,-1,0.096752
0,680,-1,0.193866
0,680,-1,0.076101
0,680,-1,0.218078
0,680,-1,0.076139
0,680,-1,0.179715
0,680,-1,0.060276
0,680,-1,0.068388
0,680,-1,0.076326
0,680,-1,0.079701
0,680,-1,0.075951
0,680,-1,0.066588
0,680,-1,0.065251
0,680,-1,0.195091
0,680,-1,0.071101
0,680,-1,0.195666
0,680,-1,0.216828
0,690,-1,0.066289
0,690,-1,0.080589
0,690,-1,0.100314
0,690,-1,0.067439
0,690,-1,0.065813
0,690,-1,0.065614
0,690,-1,0.073564
0,690,-1,0.072101
0,690,-1,0.074827
0,690,-1,0.082414
0,690,-1,0.310067
0,690,-1,0.076063
0,690,-1,0.076688
0,690,-1,0.062013
0,690,-1,0.064876
0,690,-1,0.071464
0,690,-1,0.079539
0,690,-1,0.083739
0,690,-1,0.077027
0,690,-1,0.185365
0,700,-1,0.185915
0,700,-1,0.208541
0,700,-1,0.218641
0,700,-1,0.060651
0,700,-1,0.224178
0,700,-1,0.185191
0,700,-1,0.070901
0,700,-1,0.191228
0,700,-1,0.068964
0,700,-1,0.236916
0,700,-1,0.196015
0,700,-1,0.072401
0,700,-1,0.228454
0,700,-1,0.084051
0,700,-1,0.068889
0,700,-1,0.059013
0,700,-1,0.059051
0,700,-1,0.192141
0,700,-1,0.179352
0,700,-1,0.212291
0,710,-1,0.075139
0,710,-1,0.065326
0,710,-1,0.340431
0,710,-1,0.183978
0,710,-1,0.068627
0,710,-1,0.208291
0,710,-1,0.068714
0,710,-1,0.078476
0,710,-1,0.064526
0,710,-1,0.077952
0,710,-1,0.083139
0,710,-1,0.075826
0,710,-1,0.390043
0,710,-1,0.084914
0,710,-1,0.083464
0,710,-1,0.070463
0,710,-1,0.074389
0,710,-1,0.069851
0,710,-1,0.260304
0,710,-1,0.069838
0,720,-1,0.191265
0,720,-1,0.234016
0,720,-1,0.084338
0,720,-1,0.500058
0,720,-1,0.061801
0,720,-1,0.290817
0,720,-1,0.067101
0,720,-1,0.073114
0,720,-1,0.066201
0,720,-1,0.077564
0,720,-1,0.074289
0,720,-1,0.059975
0,720,-1,0.252803
0,720,-1,0.076676
0,720,-1,0.064151
0,720,-1,0.369456
0,720,-1,0.081264
0,720,-1,0.229766
0,720,-1,0.062138
0,720,-1,0.062213
0,730,-1,0.069051
0,730,-1,0.074864
0,730,-1,0.079527
0,730,-1,0.190265
0,730,-1,0.320455
0,730,-1,0.069163
0,730,-1,0.220453
0,730,-1,0.197253
0,730,-1,0.189178
0,730,-1,0.180728
0,730,-1,0.068851
0,730,-1,0.064326
0,730,-1,0.245816
0,730,-1,0.236241
0,730,-1,0.075176
0,730,-1,0.216103
0,730,-1,0.063701
0,730,-1,0.223253
0,730,-1,0.216929
0,730,-1,0.079226
0,740,-1,0.072426
0,740,-1,0.296154
0,740,-1,0.280679
0,740,-1,0.058401
0,740,-1,0.071338
0,740,-1,0.708723
0,740,-1,0.078038
0,740,-1,0.18949
0,740,-1,0.071051
0,740,-1,0.074513
0,740,-1,0.078939
0,740,-1,0.246992
0,740,-1,0.084989
0,740,-1,0.071238
0,740,-1,0.081813
0,740,-1,0.061026
0,740,-1,0.059964
0,740,-1,0.072564
0,740,-1,0.079001
0,740,-1,0.070363
0,750,-1,0.058251
0,750,-1,0.065364
0,750,-1,0.240304
0,750,-1,0.065613
0,750,-1,0.237366
0,750,-1,0.059764
0,750,-1,0.675598
0,750,-1,0.228304
0,750,-1,0.074638
0,750,-1,0.252204
0,750,-1,0.079551
0,750,-1,0.212641
0,750,-1,0.195803
0,750,-1,0.077901
0,750,-1,0.062913
0,750,-1,0.076251
0,750,-1,0.075277
0,750,-1,0.18794
0,750,-1,0.189641
0,750,-1,0.182928
0,760,-1,0.065176
0,760,-1,0.212841
0,760,-1,0.179103
0,760,-1,0.194191
0,760,-1,0.178053
0,760,-1,0.185291
0,760,-1,0.188216
0,760,-1,0.071288
0,760,-1,0.200053
0,760,-1,0.207141
0,760,-1,0.091752
0,760,-1,0.083888
0,760,-1,0.060726
0,760,-1,0.212353
0,760,-1,0.062938
0,760,-1,0.074164
0,760,-1,0.272767
0,760,-1,0.083801
0,760,-1,0.212929
0,760,-1,0.075738
0,770,-1,0.072264
0,770,-1,0.072789
0,770,-1,0.199228
0,770,-1,0.15129
0,770,-1,0.181428
0,770,-1,0.063626
0,770,-1,0.074314
0,770,-1,0.063963
0,770,-1,0.065876
0,770,-1,0.068488
0,770,-1,0.085639
0,770,-1,0.069613
0,770,-1,0.067039
0,770,-1,0.073163
0,770,-1,0.082001
0,770,-1,0.191253
0,770,-1,0.077901
0,770,-1,0.091477
0,770,-1,0.063576
0,770,-1,0.193053
0,780,-1,0.200815
0,780,-1,0.188953
0,780,-1,0.073863
0,780,-1,0.19434
0,780,-1,0.180827
0,780,-1,0.283841
0,780,-1,0.066176
0,780,-1,0.077851
0,780,-1,0.071439
0,780,-1,0.072901
0,780,-1,0.067076
0,780,-1,0.075814
0,780,-1,0.077001
0,780,-1,0.17179
0,780,-1,0.067476
0,780,-1,0.065513
0,780,-1,0.075027
0,780,-1,0.070263
0,780,-1,0.065876
0,780,-1,0.293367
0,790,-1,0.17934
0,790,-1,0.187266
0,790,-1,0.184453
0,790,-1,0.061738
0,790,-1,0.064001
0,790,-1,0.070588
0,790,-1,0.070338
0,790,-1,0.069388
0,790,-1,0.060663
0,790,-1,0.070688
0,790,-1,0.073776
0,790,-1,0.064426
0,790,-1,0.077514
0,790,-1,0.072251
0,790,-1,0.077814
0,790,-1,0.180666
0,790,-1,0.378781
0,790,-1,0.084826
0,790,-1,0.080827
0,790,-1,0.260491
0,800,-1,0.089351
0,800,-1,0.058913
0,800,-1,0.250542
0,800,-1,0.193616
0,800,-1,0.189703
0,800,-1,0.193103
0,800,-1,0.186716
0,800,-1,0.17489
0,800,-1,0.183916
0,800,-1,0.179027
0,800,-1,0.188615
0,800,-1,0.173777
0,800,-1,0.196453
0,800,-1,0.183103
0,800,-1,0.304118
0,800,-1,0.181103
0,800,-1,0.184866
0,800,-1,0.072538
0,800,-1,0.058851
0,800,-1,0.083202
0,810,-1,0.208516
0,810,-1,0.239253
0,810,-1,0.070101
0,810,-1,0.066639
0,810,-1,0.103702
0,810,-1,0.072326
0,810,-1,0.189165
0,810,-1,0.074576
0,810,-1,0.099926
0,810,-1,0.072002
0,810,-1,0.072101
0,810,-1,0.079426
0,810,-1,0.081651
0,810,-1,0.081926
0,810,-1,0.066776
0,810,-1,0.221015
0,810,-1,0.072176
0,810,-1,0.071039
0,810,-1,0.187166
0,810,-1,0.081138
0,820,-1,0.067489
0,820,-1,0.063714
0,820,-1,0.264741
0,820,-1,0.072338
0,820,-1,0.181291
0,820,-1,0.065688
0,820,-1,0.214128
0,820,-1,0.21599
0,820,-1,0.074676
0,820,-1,0.072463
0,820,-1,0.223191
0,820,-1,0.060226
0,820,-1,0.233591
0,820,-1,0.081663
0,820,-1,0.225941
0,820,-1,0.178866
0,820,-1,0.164327
0,820,-1,0.37533
0,820,-1,0.079176
0,820,-1,0.067789
0,830,-1,0.21139
0,830,-1,0.072726
0,830,-1,0.205216
0,830,-1,0.208029
0,830,-1,0.465144
0,830,-1,0.068038
0,830,-1,0.067526
0,830,-1,0.076064
0,830,-1,0.068189
0,830,-1,0.083026
0,830,-1,0.068526
0,830,-1,0.070189
0,830,-1,0.066401
0,830,-1,0.071188
0,830,-1,0.070113
0,830,-1,0.072988
0,830,-1,0.067426
0,830,-1,0.264304
0,830,-1,0.083027
0,830,-1,0.245216
0,840,-1,0.074401
0,840,-1,0.195453
0,840,-1,0.067639
0,840,-1,0.201329
0,840,-1,0.157915
0,840,-1,0.20839
0,840,-1,0.102689
0,840,-1,0.193191
0,840,-1,0.068413
0,840,-1,0.195428
0,840,-1,0.084064
0,840,-1,0.260704
0,840,-1,0.085001
0,840,-1,0.062638
0,840,-1,0.067051
0,840,-1,0.066688
0,840,-1,0.058814
0,840,-1,0.072464
0,840,-1,0.068976
0,840,-1,0.242467
0,850,-1,0.18324
0,850,-1,0.184153
0,850,-1,0.181802
0,850,-1,0.220678
0,850,-1,0.188965
0,850,-1,0.267692
0,850,-1,0.180203
0,850,-1,0.068426
0,850,-1,0.074526
0,850,-1,0.237804
0,850,-1,0.078039
0,850,-1,0.067214
0,850,-1,0.223266
0,850,-1,0.188528
0,850,-1,0.066213
0,850,-1,0.068051
0,850,-1,0.060876
0,850,-1,0.072426
0,850,-1,0.070251
0,850,-1,0.058663
0,860,-1,0.101114
0,860,-1,0.226066
0,860,-1,0.068488
0,860,-1,0.059401
0,860,-1,0.089864
0,860,-1,0.067213
0,860,-1,0.189491
0,860,-1,0.082039
0,860,-1,0.074301
0,860,-1,0.063189
0,860,-1,0.065776
0,860,-1,0.070676
0,860,-1,0.17809
0,860,-1,0.068188
0,860,-1,0.215716
0,860,-1,0.061976
0,860,-1,0.240354
0,860,-1,0.086176
0,860,-1,0.071176
0,860,-1,0.249391
0,870,-1,0.093801
0,870,-1,0.200453
0,870,-1,0.180765
0,870,-1,0.079589
0,870,-1,0.18539
0,870,-1,0.091514
0,870,-1,0.084364
0,870,-1,0.238742
0,870,-1,0.078513
0,870,-1,0.074327
0,870,-1,0.192665
0,870,-1,0.066939
0,870,-1,0.070476
0,870,-1,0.225516
0,870,-1,0.219866
0,870,-1,0.083739
0,870,-1,0.059364
0,870,-1,0.077088
0,870,-1,0.068276
0,870,-1,0.251079
0,880,-1,0.068064
0,880,-1,0.275504
0,880,-1,0.066776
0,880,-1,0.083039
0,880,-1,0.071464
0,880,-1,0.216066
0,880,-1,0.077751
0,880,-1,0.201778
0,880,-1,6.19706
0,880,-1,0.109302
0,880,-1,0.18974
0,880,-1,0.084277
0,880,-1,0.225766
0,880,-1,0.074601
0,880,-1,0.202778
0,880,-1,0.069739
0,880,-1,0.244166
0,880,-1,0.060764
0,880,-1,0.33663
0,880,-1,0.196653
0,890,-1,0.174765
0,890,-1,0.069476
0,890,-1,0.065764
0,890,-1,0.246479
0,890,-1,0.061401
0,890,-1,0.079764
0,890,-1,0.18234
0,890,-1,0.067251
0,890,-1,0.219578
0,890,-1,0.065339
0,890,-1,0.238341
0,890,-1,0.085038
0,890,-1,0.072551
0,890,-1,0.063189
0,890,-1,0.064051
0,890,-1,0.068814
0,890,-1,0.083677
0,890,-1,0.067889
0,890,-1,0.286817
0,890,-1,0.192591
0,900,-1,0.081089
0,900,-1,0.065889
0,900,-1,0.058489
0,900,-1,0.266604
0,900,-1,0.065489
0,900,-1,0.225629
0,900,-1,0.28333
0,900,-1,0.182978
0,900,-1,0.216841
0,900,-1,0.199253
0,900,-1,0.196428
0,900,-1,0.18214
0,900,-1,0.092189
0,900,-1,0.063001
0,900,-1,0.068689
0,900,-1,0.079439
0,900,-1,0.076063
0,900,-1,0.072889
0,900,-1,0.597434
0,900,-1,0.282567
0,910,-1,0.069476
0,910,-1,0.244054
0,910,-1,0.077838
0,910,-1,0.060713
0,910,-1,0.183153
0,910,-1,0.066726
0,910,-1,0.074764
0,910,-1,0.242891
0,910,-1,0.080776
0,910,-1,0.068513
0,910,-1,0.079851
0,910,-1,0.067163
0,910,-1,0.247104
0,910,-1,0.083039
0,910,-1,0.256817
0,910,-1,0.219241
0,910,-1,0.184528
0,910,-1,0.199328
0,910,-1,0.070026
0,910,-1,0.058213
0,920,-1,0.076676
0,920,-1,0.075402
0,920,-1,0.073489
0,920,-1,0.187391
0,920,-1,0.073514
0,920,-1,0.18894
0,920,-1,0.18179
0,920,-1,0.071801
0,920,-1,0.074238
0,920,-1,0.19964
0,920,-1,0.176503
0,920,-1,0.18169
0,920,-1,0.188241
0,920,-1,0.176966
0,920,-1,0.184778
0,920,-1,0.18299
0,920,-1,0.190315
0,920,-1,0.183166
0,920,-1,0.181153
0,920,-1,0.073602
0,930,-1,0.072076
0,930,-1,0.062776
0,930,-1,0.196616
0,930,-1,0.101802
0,930,-1,0.34423
0,930,-1,0.058264
0,930,-1,0.075439
0,930,-1,0.061738
0,930,-1,0.16219
0,930,-1,0.364593
0,930,-1,0.210166
0,930,-1,0.070776
0,930,-1,0.080701
0,930,-1,0.074326
0,930,-1,0.064851
0,930,-1,0.064413
0,930,-1,0.224653
0,930,-1,0.066438
0,930,-1,0.070976
0,930,-1,0.068114
0,940,-1,0.295005
0,940,-1,0.071751
0,940,-1,0.195353
0,940,-1,0.074964
0,940,-1,0.231691
0,940,-1,0.660998
0,940,-1,0.204629
0,940,-1,0.066914
0,940,-1,0.059189
0,940,-1,0.084676
0,940,-1,0.067264
0,940,-1,0.077827
0,940,-1,0.078839
0,940,-1,0.060289
0,940,-1,0.071764
0,940,-1,0.248816
0,940,-1,0.083963
0,940,-1,0.062714
0,940,-1,0.232816
0,940,-1,0.062088
0,950,-1,0.074126
0,950,-1,0.082727
0,950,-1,0.073176
0,950,-1,0.197878
0,950,-1,0.081776
0,950,-1,0.060963
0,950,-1,0.072589
0,950,-1,0.158028
0,950,-1,0.067651
0,950,-1,0.069314
0,950,-1,0.066626
0,950,-1,0.076314
0,950,-1,0.239879
0,950,-1,0.113239
0,950,-1,0.246616
0,950,-1,0.182203
0,950,-1,0.080902
0,950,-1,0.19999
0,950,-1,0.190341
0,950,-1,0.251466
0,960,-1,0.181153
0,960,-1,0.070913
0,960,-1,0.061001
0,960,-1,0.060664
0,960,-1,0.196428
0,960,-1,0.060588
0,960,-1,0.075238
0,960,-1,0.068564
0,960,-1,0.074438
0,960,-1,0.073689
0,960,-1,0.072351
0,960,-1,0.077126
0,960,-1,0.071714
0,960,-1,0.065563
0,960,-1,0.072063
0,960,-1,0.077889
0,960,-1,0.082288
0,960,-1,0.060876
0,960,-1,0.073364
0,960,-1,0.067301
0,970,-1,0.061189
0,970,-1,0.073476
0,970,-1,0.061876
0,970,-1,0.072588
0,970,-1,0.21264
0,970,-1,0.071238
0,970,-1,0.060601
0,970,-1,0.061163
0,970,-1,0.239316
0,970,-1,0.083826
0,970,-1,0.210215
0,970,-1,0.178803
0,970,-1,0.074001
0,970,-1,0.225391
0,970,-1,0.186065
0,970,-1,0.182878
0,970,-1,0.179566
0,970,-1,0.508557
0,970,-1,0.183977
0,970,-1,0.202903
0,980,-1,0.18519
0,980,-1,0.195028
0,980,-1,0.18099
0,980,-1,0.313155
0,980,-1,0.266679
0,980,-1,0.207966
0,980,-1,0.390693
0,980,-1,0.064451
0,980,-1,0.176378
0,980,-1,0.188628
0,980,-1,0.188065
0,980,-1,0.182216
0,980,-1,0.075777
0,980,-1,0.067576
0,980,-1,0.086114
0,980,-1,0.073314
0,980,-1,0.068638
0,980,-1,0.199241
0,980,-1,0.199416
0,980,-1,0.183353
0,990,-1,0.183791
0,990,-1,0.188428
0,990,-1,0.177003
0,990,-1,0.184203
0,990,-1,0.198216
0,990,-1,0.177953
0,990,-1,0.188203
0,990,-1,0.239879
0,990,-1,0.067326
0,990,-1,0.074713
0,990,-1,0.219916
0,990,-1,0.19914
0,990,-1,0.069988
0,990,-1,0.074313
0,990,-1,0.065001
0,990,-1,0.057588
0,990,-1,0.247054
0,990,-1,0.074801
0,990,-1,0.079789
0,990,-1,3.18354
0,1000,-1,0.081389
0,1000,-1,0.212828
0,1000,-1,0.070013
0,1000,-1,0.065101
0,1000,-1,0.066926
0,1000,-1,0.196816
0,1000,-1,0.065964
0,1000,-1,0.064926
0,1000,-1,0.067388
0,1000,-1,0.072614
0,1000,-1,0.070001
0,1000,-1,0.076388
0,1000,-1,0.066114
0,1000,-1,0.071064
0,1000,-1,0.074851
0,1000,-1,0.169915
0,1000,-1,0.078951
0,1000,-1,0.219266
0,1000,-1,0.076339
0,1000,-1,0.076264
10,0,0,0.069663
10,0,0,0.085139
10,0,0,0.070714
10,0,0,0.924352
10,0,0,0.205216
10,0,0,0.220966
10,0,0,0.086402
10,0,0,0.075376
10,0,0,0.094289
10,0,0,0.268117
10,0,0,0.286229
10,0,0,0.101164
10,0,0,0.262104
10,0,0,0.072914
10,0,0,0.102215
10,0,0,0.276354
10,0,0,0.080064
10,0,0,0.078001
10,0,0,0.256116
10,0,0,0.091502
10,10,1,0.263829
10,10,1,0.736874
10,10,1,0.20854
10,10,1,0.190553
10,10,1,0.755536
10,10,1,0.189628
10,10,1,0.648147
10,10,1,0.832125
10,10,1,0.196878
10,10,1,0.198166
10,10,1,0.233729
10,10,1,0.262879
10,10,1,0.228591
10,10,1,0.189253
10,10,1,0.225991
10,10,1,0.237166
10,10,1,0.250053
10,10,1,1.13079
10,10,1,0.265004
10,10,1,1.02908
10,20,1,0.384444
10,20,1,0.148003
10,20,1,0.091564
10,20,1,0.34743
10,20,1,0.726123
10,20,1,0.431669
10,20,1,0.098227
10,20,1,0.336843
10,20,1,0.121177
10,20,1,0.092752
10,20,1,0.111101
10,20,1,0.208354
10,20,1,0.099277
10,20,1,0.364493
10,20,1,0.104752
10,20,1,0.118889
10,20,1,0.104802
10,20,1,0.106039
10,20,1,0.111302
10,20,1,0.131127
10,30,3,3.99716
10,30,3,2.52998
10,30,3,8.33905
10,30,3,2.40152
10,30,3,8.46144
10,30,3,2.98261
10,30,3,2.88821
10,30,3,7.85437
10,30,3,9.17543
10,30,3,3.14106
10,30,3,2.65215
10,30,3,2.96113
10,30,3,3.12325
10,30,3,6.89508
10,30,3,2.97765
10,30,3,7.90521
10,30,3,8.23892
10,30,3,3.71128
10,30,3,2.36131
10,30,3,8.20881
10,40,3,8.68142
10,40,3,4.63753
10,40,3,7.78199
10,40,3,4.34933
10,40,3,7.73088
10,40,3,8.12914
10,40,3,3.70281
10,40,3,8.21788
10,40,3,4.49511
10,40,3,9.89334
10,40,3,6.97932
10,40,3,6.99508
10,40,3,7.13907
10,40,3,11.1382
10,40,3,6.98189
10,40,3,7.09343
10,40,3,7.0948
10,40,3,7.01485
10,40,3,8.30508
10,40,3,7.00723
10,50,2,0.902639
10,50,2,0.319943
10,50,2,0.916977
10,50,2,0.436169
10,50,2,1.25334
10,50,2,0.660323
10,50,2,0.366968
10,50,2,0.412157
10,50,2,0.34883
10,50,2,1.6327
10,50,2,0.399831
10,50,2,0.360443
10,50,2,0.311167
10,50,2,0.30643
10,50,2,0.420606
10,50,2,1.0697
10,50,2,0.385643
10,50,2,1.06468
10,50,2,0.449995
10,50,2,1.42426
10,60,2,0.659511
10,60,2,1.46322
10,60,2,0.418319
10,60,2,1.62091
10,60,2,0.643872
10,60,2,0.43842
10,60,2,2.08113
10,60,2,1.24148
10,60,2,0.710348
10,60,2,1.61377
10,60,2,1.38682
10,60,2,1.17494
10,60,2,1.24388
10,60,2,1.31512
10,60,2,1.36612
10,60,2,0.604259
10,60,2,0.607484
10,60,2,0.427244
10,60,2,0.491133
10,60,2,0.457919
10,70,2,0.66121
10,70,2,1.65267
10,70,2,0.659798
10,70,2,1.82752
10,70,2,0.774649
10,70,2,0.572808
10,70,2,0.665548
10,70,2,0.710074
10,70,2,2.154
10,70,2,0.858238
10,70,2,0.547271
10,70,2,1.03357
10,70,2,0.792499
10,70,2,2.1292
10,70,2,1.06634
10,70,2,1.90898
10,70,2,2.302
10,70,2,0.805325
10,70,2,0.665535
10,70,2,1.98558
10,80,2,1.38607
10,80,2,0.631772
10,80,2,1.28184
10,80,2,0.421857
10,80,2,0.440107
10,80,2,0.404743
10,80,2,0.467094
10,80,2,0.554359
10,80,2,0.500058
10,80,2,0.481857
10,80,2,0.448644
10,80,2,1.07993
10,80,2,0.464482
10,80,2,3.30686
10,80,2,0.726886
10,80,2,2.14715
10,80,2,0.64276
10,80,2,0.390994
10,80,2,1.52834
10,80,2,0.66856
10,90,1,0.602247
10,90,1,0.422519
10,90,1,0.139465
10,90,1,0.564534
10,90,1,0.15009
10,90,1,0.672823
10,90,1,0.47397
10,90,1,0.158915
10,90,1,0.472857
10,90,1,0.237804
10,90,1,0.50907
10,90,1,0.195903
10,90,1,0.64041
10,90,1,0.165215
10,90,1,0.155378
10,90,1,0.159778
10,90,1,0.159365
10,90,1,0.294129
10,90,1,0.164203
10,90,1,0.714898
10,100,2,0.705061
10,100,2,1.23048
10,100,2,1.72321
10,100,2,1.92559
10,100,2,1.56547
10,100,2,0.786624
10,100,2,0.508932
10,100,2,0.678198
10,100,2,0.632085
10,100,2,2.42899
10,100,2,1.68838
10,100,2,1.70213
10,100,2,0.749561
10,100,2,1.92291
10,100,2,1.42758
10,100,2,0.906326
10,100,2,2.20681
10,100,2,0.845188
10,100,2,1.88708
10,100,2,1.82007
10,110,2,1.19167
10,110,2,1.09956
10,110,2,0.98494
10,110,2,0.707036
10,110,2,2.67564
10,110,2,2.03634
10,110,2,0.736699
10,110,2,0.770487
10,110,2,0.774424
10,110,2,4.26112
10,110,2,1.01344
10,110,2,1.3189
10,110,2,0.794737
10,110,2,1.28862
10,110,2,1.03819
10,110,2,0.81845
10,110,2,0.894039
10,110,2,1.0286
10,110,2,0.772299
10,110,2,0.888939
10,120,-1,24.4819
10,120,-1,48.7343
10,120,-1,20.5617
10,120,-1,22.0137
10,120,-1,64.2619
10,120,-1,63.0395
10,120,-1,20.554
10,120,-1,19.4051
10,120,-1,17.8977
10,120,-1,19.3715
10,120,-1,18.482
10,120,-1,19.2486
10,120,-1,18.1778
10,120,-1,19.488
10,120,-1,18.579
10,120,-1,19.96
10,120,-1,18.3103
10,120,-1,19.4127
10,120,-1,18.496
10,120,-1,20.486
10,130,2,0.799975
10,130,2,1.02178
10,130,2,0.800962
10,130,2,0.841101
10,130,2,1.03549
10,130,2,2.85679
10,130,2,1.33012
10,130,2,3.32374
10,130,2,1.36205
10,130,2,3.15441
10,130,2,0.950002
10,130,2,0.8158
10,130,2,2.81242
10,130,2,3.03628
10,130,2,4.7792
10,130,2,0.872889
10,130,2,3.32879
10,130,2,1.14314
10,130,2,3.15854
10,130,2,0.980778
10,140,-1,18.8974
10,140,-1,22.6597
10,140,-1,62.7443
10,140,-1,20.6554
10,140,-1,61.6099
10,140,-1,64.9104
10,140,-1,21.8233
10,140,-1,55.2623
10,140,-1,18.9681
10,140,-1,22.0724
10,140,-1,18.6468
10,140,-1,21.578
10,140,-1,18.6541
10,140,-1,22.1918
10,140,-1,18.521
10,140,-1,22.3613
10,140,-1,18.9934
10,140,-1,21.9629
10,140,-1,18.8061
10,140,-1,21.506
10,150,-1,18.7898
10,150,-1,22.128
10,150,-1,18.7387
10,150,-1,18.2353
10,150,-1,19.3625
10,150,-1,19.7741
10,150,-1,19.4965
10,150,-1,19.7276
10,150,-1,18.5144
10,150,-1,63.3176
10,150,-1,19.6121
10,150,-1,38.4151
10,150,-1,19.0159
10,150,-1,18.2465
10,150,-1,18.7712
10,150,-1,18.3904
10,150,-1,18.5692
10,150,-1,18.8557
10,150,-1,18.4583
10,150,-1,18.3394
10,160,-1,25.7351
10,160,-1,19.1889
10,160,-1,17.8585
10,160,-1,18.1214
10,160,-1,18.8284
10,160,-1,18.3205
10,160,-1,17.9122
10,160,-1,18.4699
10,160,-1,60.1984
10,160,-1,21.2635
10,160,-1,21.5227
10,160,-1,18.919
10,160,-1,18.8236
10,160,-1,18.4248
10,160,-1,17.1234
10,160,-1,57.8898
10,160,-1,49.5652
10,160,-1,18.8523
10,160,-1,18.2013
10,160,-1,18.8367
10,170,-1,18.5259
10,170,-1,62.4972
10,170,-1,54.9586
10,170,-1,60.8079
10,170,-1,20.9514
10,170,-1,60.8907
10,170,-1,20.9388
10,170,-1,63.3881
10,170,-1,20.3692
10,170,-1,21.7255
10,170,-1,18.3735
10,170,-1,21.5308
10,170,-1,18.1276
10,170,-1,21.8799
10,170,-1,18.5407
10,170,-1,21.6467
10,170,-1,18.7919
10,170,-1,22.1041
10,170,-1,18.3452
10,170,-1,23.6519
10,180,3,7.26544
10,180,3,7.40566
10,180,3,6.45085
10,180,3,2.33274
10,180,3,8.78083
10,180,3,4.1764
10,180,3,8.1754
10,180,3,6.22276
10,180,3,5.84394
10,180,3,5.84187
10,180,3,5.95594
10,180,3,8.49441
10,180,3,6.66355
10,180,3,8.9784
10,180,3,4.74721
10,180,3,5.81064
10,180,3,2.57233
10,180,3,6.89331
10,180,3,5.83144
10,180,3,5.88903
10,190,-1,28.3974
10,190,-1,63.1108
10,190,-1,19.9473
10,190,-1,19.1192
10,190,-1,61.5875
10,190,-1,63.3414
10,190,-1,21.7895
10,190,-1,21.8706
10,190,-1,18.45
10,190,-1,20.4689
10,190,-1,18.1939
10,190,-1,21.0594
10,190,-1,18.7806
10,190,-1,21.0761
10,190,-1,18.3684
10,190,-1,21.8492
10,190,-1,18.5635
10,190,-1,20.6798
10,190,-1,18.8239
10,190,-1,21.203
10,200,-1,23.5126
10,200,-1,22.1788
10,200,-1,20.1371
10,200,-1,31.515
10,200,-1,52.2365
10,200,-1,64.575
10,200,-1,31.0269
10,200,-1,27.122
10,200,-1,21.6845
10,200,-1,17.8927
10,200,-1,18.8852
10,200,-1,19.7104
10,200,-1,20.1396
10,200,-1,18.8514
10,200,-1,18.5219
10,200,-1,19.1457
10,200,-1,35.1815
10,200,-1,18.6088
10,200,-1,20.7022
10,200,-1,18.8085
10,210,3,2.68635
10,210,3,2.60074
10,210,3,3.21114
10,210,3,2.57051
10,210,3,8.63116
10,210,3,4.54657
10,210,3,8.86564
10,210,3,4.73921
10,210,3,9.66872
10,210,3,3.58337
10,210,3,10.8347
10,210,3,4.0455
10,210,3,10.0022
10,210,3,9.24208
10,210,3,7.75313
10,210,3,7.58014
10,210,3,3.1571
10,210,3,2.84459
10,210,3,9.01986
10,210,3,9.21487
10,220,-1,44.0231
10,220,-1,19.0961
10,220,-1,18.9986
10,220,-1,18.5158
10,220,-1,19.3498
10,220,-1,17.9946
10,220,-1,19.2722
10,220,-1,18.2581
10,220,-1,20.0597
10,220,-1,18.331
10,220,-1,19.2279
10,220,-1,18.4343
10,220,-1,19.6873
10,220,-1,18.1125
10,220,-1,19.211
10,220,-1,18.7916
10,220,-1,18.8462
10,220,-1,26.2542
10,220,-1,20.121
10,220,-1,18.0534
10,230,-1,19.2966
10,230,-1,20.1295
10,230,-1,61.6344
10,230,-1,61.6952
10,230,-1,62.293
10,230,-1,55.8992
10,230,-1,18.5353
10,230,-1,19.1264
10,230,-1,20.195
10,230,-1,18.8781
10,230,-1,17.969
10,230,-1,18.9243
10,230,-1,18.491
10,230,-1,19.6852
10,230,-1,17.9977
10,230,-1,18.7952
10,230,-1,18.1424
10,230,-1,18.8129
10,230,-1,18.2222
10,230,-1,18.8716
10,240,2,0.580134
10,240,2,0.68536
10,240,2,0.622072
10,240,2,1.67316
10,240,2,0.595172
10,240,2,0.584621
10,240,2,0.759449
10,240,2,2.22547
10,240,2,0.888526
10,240,2,2.7629
10,240,2,0.971603
10,240,2,2.82516
10,240,2,2.22706
10,240,2,1.04409
10,240,2,2.34149
10,240,2,0.979765
10,240,2,4.17561
10,240,2,0.8607
10,240,2,0.709023
10,240,2,2.62183
10,250,2,1.0748
10,250,2,2.95669
10,250,2,2.78511
10,250,2,3.383
10,250,2,2.2939
10,250,2,2.27134
10,250,2,2.36025
10,250,2,2.5268
10,250,2,2.40194
10,250,2,3.03137
10,250,2,1.50417
10,250,2,2.72217
10,250,2,1.28061
10,250,2,1.12574
10,250,2,1.19857
10,250,2,0.783524
10,250,2,0.991453
10,250,2,1.13987
10,250,2,0.989478
10,250,2,1.33
10,260,-1,22.7576
10,260,-1,19.5468
10,260,-1,19.5971
10,260,-1,60.5781
10,260,-1,57.7696
10,260,-1,61.7189
10,260,-1,63.3684
10,260,-1,56.9039
10,260,-1,19.9893
10,260,-1,61.7534
10,260,-1,63.4281
10,260,-1,20.6756
10,260,-1,64.122
10,260,-1,63.6716
10,260,-1,17.9534
10,260,-1,18.4686
10,260,-1,63.9725
10,260,-1,63.7226
10,260,-1,18.3453
10,260,-1,20.7839
10,270,-1,19.3434
10,270,-1,18.0452
10,270,-1,53.1649
10,270,-1,61.4887
10,270,-1,61.9719
10,270,-1,17.5724
10,270,-1,18.237
10,270,-1,19.0442
10,270,-1,20.6382
10,270,-1,60.8315
10,270,-1,61.5665
10,270,-1,61.7859
10,270,-1,68.2102
10,270,-1,63.0739
10,270,-1,64.3237
10,270,-1,61.8859
10,270,-1,61.8481
10,270,-1,62.8218
10,270,-1,61.2385
10,270,-1,62.211
10,280,-1,68.6333
10,280,-1,64.2211
10,280,-1,48.1702
10,280,-1,19.4628
10,280,-1,19.566
10,280,-1,18.9207
10,280,-1,18.7211
10,280,-1,62.6968
10,280,-1,63.9654
10,280,-1,62.613
10,280,-1,26.9825
10,280,-1,20.9616
10,280,-1,18.4867
10,280,-1,23.5155
10,280,-1,18.7845
10,280,-1,20.9415
10,280,-1,18.8606
10,280,-1,20.3667
10,280,-1,18.7805
10,280,-1,20.8766
10,290,-1,39.0995
10,290,-1,19.1308
10,290,-1,50.8125
10,290,-1,65.0812
10,290,-1,45.7743
10,290,-1,51.7305
10,290,-1,64.0822
10,290,-1,61.5853
10,290,-1,19.5878
10,290,-1,22.2459
10,290,-1,62.5605
10,290,-1,19.7432
10,290,-1,21.7876
10,290,-1,18.6406
10,290,-1,22.5252
10,290,-1,18.9055
10,290,-1,22.8309
10,290,-1,19.1541
10,290,-1,22.3115
10,290,-1,19.614
10,300,3,1.40917
10,300,3,1.37742
10,300,3,4.92271
10,300,3,1.72548
10,300,3,5.4869
10,300,3,3.92834
10,300,3,2.15965
10,300,3,1.30056
10,300,3,1.80361
10,300,3,1.76514
10,300,3,1.68899
10,300,3,2.567
10,300,3,6.25315
10,300,3,1.30297
10,300,3,1.40446
10,300,3,1.72881
10,300,3,1.53737
10,300,3,1.57494
10,300,3,1.4651
10,300,3,1.39072
10,310,3,1.77787
10,310,3,2.76794
10,310,3,4.97825
10,310,3,3.74933
10,310,3,2.06085
10,310,3,1.40526
10,310,3,1.76197
10,310,3,6.43666
10,310,3,3.83177
10,310,3,1.81512
10,310,3,1.45223
10,310,3,6.84428
10,310,3,3.80835
10,310,3,5.16257
10,310,3,1.95892
10,310,3,5.11458
10,310,3,2.18898
10,310,3,5.04214
10,310,3,1.6329
10,310,3,5.1028
10,320,-1,26.1417
10,320,-1,64.2176
10,320,-1,64.1863
10,320,-1,61.1406
10,320,-1,62.1785
10,320,-1,64.8052
10,320,-1,61.0996
10,320,-1,63.2226
10,320,-1,61.988
10,320,-1,63.3185
10,320,-1,63.3502
10,320,-1,62.1821
10,320,-1,58.2288
10,320,-1,21.2566
10,320,-1,18.3868
10,320,-1,19.098
10,320,-1,18.6734
10,320,-1,18.2272
10,320,-1,20.3689
10,320,-1,17.9478
10,330,-1,19.4547
10,330,-1,20.2852
10,330,-1,18.2022
10,330,-1,18.0595
10,330,-1,59.1164
10,330,-1,19.7115
10,330,-1,22.4983
10,330,-1,18.2079
10,330,-1,21.8257
10,330,-1,18.6116
10,330,-1,21.9773
10,330,-1,18.8176
10,330,-1,21.8687
10,330,-1,18.38
10,330,-1,24.281
10,330,-1,62.2626
10,330,-1,32.3658
10,330,-1,59.0703
10,330,-1,18.1022
10,330,-1,21.6594
10,340,-1,25.1027
10,340,-1,62.815
10,340,-1,62.6447
10,340,-1,60.6358
10,340,-1,61.9453
10,340,-1,23.2795
10,340,-1,25.3783
10,340,-1,61.8132
10,340,-1,62.0067
10,340,-1,60.3872
10,340,-1,61.884
10,340,-1,17.7741
10,340,-1,19.269
10,340,-1,18.2806
10,340,-1,19.2009
10,340,-1,18.5283
10,340,-1,19.1925
10,340,-1,19.1556
10,340,-1,19.8442
10,340,-1,58.0057
10,350,-1,48.3029
10,350,-1,18.2269
10,350,-1,19.0575
10,350,-1,19.3533
10,350,-1,18.9826
10,350,-1,18.5692
10,350,-1,17.9204
10,350,-1,18.5767
10,350,-1,18.4044
10,350,-1,18.8711
10,350,-1,19.0916
10,350,-1,18.1362
10,350,-1,20.3965
10,350,-1,18.4359
10,350,-1,21.0214
10,350,-1,42.9874
10,350,-1,62.1135
10,350,-1,55.9171
10,350,-1,62.7445
10,350,-1,53.9553
10,360,2,1.99843
10,360,2,0.797387
10,360,2,1.91328
10,360,2,0.745811
10,360,2,2.75066
10,360,2,1.79961
10,360,2,1.68918
10,360,2,0.819025
10,360,2,3.3742
10,360,2,1.019
10,360,2,0.584084
10,360,2,1.6564
10,360,2,2.62958
10,360,2,1.14928
10,360,2,2.88344
10,360,2,1.21982
10,360,2,1.90533
10,360,2,1.96384
10,360,2,0.83175
10,360,2,1.8938
10,370,-1,27.8085
10,370,-1,68.5028
10,370,-1,20.273
10,370,-1,62.4486
10,370,-1,63.1837
10,370,-1,59.8626
10,370,-1,62.727
10,370,-1,63.7525
10,370,-1,64.0451
10,370,-1,64.0753
10,370,-1,63.7122
10,370,-1,64.1056
10,370,-1,61.5744
10,370,-1,62.5202
10,370,-1,63.9412
10,370,-1,20.0319
10,370,-1,18.7462
10,370,-1,18.6104
10,370,-1,18.6588
10,370,-1,18.1737
10,380,-1,25.4906
10,380,-1,18.5826
10,380,-1,21.0263
10,380,-1,60.2718
10,380,-1,20.6709
10,380,-1,20.1529
10,380,-1,17.8594
10,380,-1,19.7301
10,380,-1,20.1324
10,380,-1,18.5937
10,380,-1,18.0761
10,380,-1,18.5016
10,380,-1,19.5619
10,380,-1,18.4578
10,380,-1,19.3483
10,380,-1,18.126
10,380,-1,18.9941
10,380,-1,59.1506
10,380,-1,17.785
10,380,-1,19.5647
10,390,-1,19.3559
10,390,-1,20.8462
10,390,-1,18.593
10,390,-1,19.6902
10,390,-1,17.9233
10,390,-1,19.4851
10,390,-1,18.5197
10,390,-1,19.4193
10,390,-1,18.3669
10,390,-1,20.0355
10,390,-1,19.2021
10,390,-1,19.9027
10,390,-1,18.103
10,390,-1,20.1773
10,390,-1,18.8574
10,390,-1,19.0637
10,390,-1,18.0821
10,390,-1,22.9155
10,390,-1,18.5029
10,390,-1,19.7547
10,400,-1,19.8239
10,400,-1,21.2371
10,400,-1,18.4081
10,400,-1,19.4817
10,400,-1,18.9771
10,400,-1,20.6547
10,400,-1,18.2135
10,400,-1,20.3245
10,400,-1,19.1171
10,400,-1,18.2423
10,400,-1,19.2572
10,400,-1,19.2681
10,400,-1,18.1176
10,400,-1,19.2794
10,400,-1,18.874
10,400,-1,19.5387
10,400,-1,18.5725
10,400,-1,18.8453
10,400,-1,18.5838
10,400,-1,18.3707
10,410,-1,19.5558
10,410,-1,18.7299
10,410,-1,18.6686
10,410,-1,18.5424
10,410,-1,61.5257
10,410,-1,18.3263
10,410,-1,18.4402
10,410,-1,17.9904
10,410,-1,18.73
10,410,-1,17.8795
10,410,-1,18.8655
10,410,-1,18.5648
10,410,-1,18.8118
10,410,-1,17.8384
10,410,-1,18.9978
10,410,-1,17.9291
10,410,-1,18.7072
10,410,-1,18.0813
10,410,-1,18.3052
10,410,-1,17.8024
10,420,-1,20.5144
10,420,-1,18.6493
10,420,-1,19.8158
10,420,-1,67.2667
10,420,-1,18.5502
10,420,-1,18.7218
10,420,-1,18.0352
10,420,-1,18.5171
10,420,-1,18.0656
10,420,-1,19.3594
10,420,-1,18.0067
10,420,-1,19.1155
10,420,-1,19.0709
10,420,-1,22.6523
10,420,-1,18.9286
10,420,-1,18.6894
10,420,-1,18.3997
10,420,-1,18.4105
10,420,-1,18.8074
10,420,-1,22.3956
10,430,-1,19.4331
10,430,-1,19.9785
10,430,-1,17.9677
10,430,-1,18.454
10,430,-1,18.1179
10,430,-1,18.1411
10,430,-1,18.4316
10,430,-1,18.4213
10,430,-1,18.5644
10,430,-1,18.2548
10,430,-1,18.6939
10,430,-1,18.245
10,430,-1,18.5327
10,430,-1,19.3896
10,430,-1,18.8639
10,430,-1,18.2946
10,430,-1,18.0775
10,430,-1,18.8641
10,430,-1,18.6483
10,430,-1,22.5433
10,440,-1,29.5386
10,440,-1,23.1574
10,440,-1,60.9291
10,440,-1,61.7698
10,440,-1,22.1529
10,440,-1,20.8817
10,440,-1,18.4894
10,440,-1,20.8906
10,440,-1,18.4353
10,440,-1,21.1094
10,440,-1,18.3521
10,440,-1,21.1809
10,440,-1,20.0615
10,440,-1,20.9941
10,440,-1,18.6848
10,440,-1,21.2509
10,440,-1,18.3712
10,440,-1,20.8245
10,440,-1,38.3099
10,440,-1,18.7549
10,450,-1,20.137
10,450,-1,20.1867
10,450,-1,19.1707
10,450,-1,19.7587
10,450,-1,18.8264
10,450,-1,18.3977
10,450,-1,19.3571
10,450,-1,20.8532
10,450,-1,18.4647
10,450,-1,18.6459
10,450,-1,18.2467
10,450,-1,19.3494
10,450,-1,20.9881
10,450,-1,19.0942
10,450,-1,18.7925
10,450,-1,19.2837
10,450,-1,18.2679
10,450,-1,19.2636
10,450,-1,18.1479
10,450,-1,19.3637
10,460,-1,19.5828
10,460,-1,19.2153
10,460,-1,18.5104
10,460,-1,19.3709
10,460,-1,18.2457
10,460,-1,20.663
10,460,-1,18.6151
10,460,-1,19.4841
10,460,-1,18.7607
10,460,-1,19.2816
10,460,-1,18.4353
10,460,-1,19.6396
10,460,-1,18.2463
10,460,-1,19.3386
10,460,-1,18.5276
10,460,-1,19.4566
10,460,-1,20.3487
10,460,-1,21.0984
10,460,-1,18.6078
10,460,-1,19.8307
10,470,3,2.68633
10,470,3,2.59179
10,470,3,2.41615
10,470,3,9.05468
10,470,3,3.04118
10,470,3,7.39521
10,470,3,5.4312
10,470,3,12.2577
10,470,3,4.71451
10,470,3,9.29829
10,470,3,4.30027
10,470,3,9.90579
10,470,3,3.87453
10,470,3,8.98203
10,470,3,3.4142
10,470,3,11.905
10,470,3,9.90846
10,470,3,7.07188
10,470,3,3.74413
10,470,3,2.73108
10,480,2,0.278292
10,480,2,0.769237
10,480,2,0.830762
10,480,2,0.899164
10,480,2,0.51787
10,480,2,0.7692
10,480,2,0.252828
10,480,2,0.783775
10,480,2,0.29843
10,480,2,0.95494
10,480,2,0.348155
10,480,2,1.02747
10,480,2,0.31738
10,480,2,1.32008
10,480,2,0.364993
10,480,2,1.14723
10,480,2,0.873313
10,480,2,0.255354
10,480,2,1.14883
10,480,2,0.420769
10,490,1,0.12519
10,490,1,0.134377
10,490,1,0.434557
10,490,1,0.461307
10,490,1,0.128627
10,490,1,0.119939
10,490,1,0.131327
10,490,1,0.129852
10,490,1,0.487345
10,490,1,0.402381
10,490,1,0.119102
10,490,1,0.13389
10,490,1,0.12454
10,490,1,0.124327
10,490,1,0.125502
10,490,1,0.133039
10,490,1,0.118102
10,490,1,0.226966
10,490,1,0.121402
10,490,1,0.116976
10,500,-1,19.5816
10,500,-1,27.5403
10,500,-1,59.9415
10,500,-1,19.5852
10,500,-1,18.9171
10,500,-1,18.7536
10,500,-1,59.6497
10,500,-1,19.2827
10,500,-1,62.7237
10,500,-1,17.8904
10,500,-1,68.5017
10,500,-1,21.727
10,500,-1,19.0042
10,500,-1,19.3398
10,500,-1,18.1781
10,500,-1,18.827
10,500,-1,21.2455
10,500,-1,18.4116
10,500,-1,21.089
10,500,-1,18.5206
10,510,-1,22.6753
10,510,-1,20.6083
10,510,-1,19.0252
10,510,-1,59.7272
10,510,-1,22.2598
10,510,-1,60.7914
10,510,-1,17.7997
10,510,-1,18.0209
10,510,-1,19.3082
10,510,-1,22.9648
10,510,-1,19.1394
10,510,-1,20.7484
10,510,-1,18.6151
10,510,-1,18.055
10,510,-1,17.9714
10,510,-1,39.3009
10,510,-1,17.8562
10,510,-1,18.8815
10,510,-1,17.9915
10,510,-1,18.6581
10,520,-1,19.6419
10,520,-1,18.2067
10,520,-1,18.1942
10,520,-1,62.2518
10,520,-1,20.9897
10,520,-1,29.3928
10,520,-1,18.3378
10,520,-1,26.7975
10,520,-1,61.4418
10,520,-1,63.3341
10,520,-1,62.3974
10,520,-1,62.4645
10,520,-1,62.685
10,520,-1,62.8375
10,520,-1,66.3598
10,520,-1,20.6659
10,520,-1,21.2005
10,520,-1,19.5006
10,520,-1,20.2483
10,520,-1,61.9049
10,530,-1,23.7473
10,530,-1,19.676
10,530,-1,18.3948
10,530,-1,18.1217
10,530,-1,17.6521
10,530,-1,58.9895
10,530,-1,59.4686
10,530,-1,44.7512
10,530,-1,58.6854
10,530,-1,58.4742
10,530,-1,60.251
10,530,-1,58.441
10,530,-1,59.219
10,530,-1,59.3106
10,530,-1,58.7965
10,530,-1,18.6965
10,530,-1,18.2377
10,530,-1,18.5125
10,530,-1,18.4808
10,530,-1,18.4391
10,540,3,2.4908
10,540,3,2.47705
10,540,3,3.31261
10,540,3,7.39979
10,540,3,10.0826
10,540,3,6.484
10,540,3,2.61828
10,540,3,2.83594
10,540,3,8.67036
10,540,3,4.10789
10,540,3,9.35468
10,540,3,4.45911
10,540,3,9.19324
10,540,3,4.1057
10,540,3,5.93372
10,540,3,2.68119
10,540,3,10.0796
10,540,3,4.10848
10,540,3,2.4658
10,540,3,7.29725
10,550,-1,28.7644
10,550,-1,61.5282
10,550,-1,60.2066
10,550,-1,59.4747
10,550,-1,42.7533
10,550,-1,43.4645
10,550,-1,59.8086
10,550,-1,64.5165
10,550,-1,61.4392
10,550,-1,19.9029
10,550,-1,21.5984
10,550,-1,19.0507
10,550,-1,21.6414
10,550,-1,19.337
10,550,-1,21.7257
10,550,-1,18.5921
10,550,-1,22.4974
10,550,-1,18.3894
10,550,-1,21.8771
10,550,-1,18.3485
10,560,-1,26.4937
10,560,-1,63.1695
10,560,-1,55.0886
10,560,-1,18.7101
10,560,-1,62.57
10,560,-1,62.34
10,560,-1,60.5518
10,560,-1,58.5159
10,560,-1,61.5028
10,560,-1,60.1449
10,560,-1,59.0424
10,560,-1,62.067
10,560,-1,19.5734
10,560,-1,21.7486
10,560,-1,18.468
10,560,-1,19.6163
10,560,-1,18.5646
10,560,-1,20.0264
10,560,-1,17.892
10,560,-1,19.4539
10,570,-1,23.0155
10,570,-1,22.6195
10,570,-1,18.2781
10,570,-1,23.264
10,570,-1,19.0938
10,570,-1,62.4247
10,570,-1,19.4824
10,570,-1,19.5517
10,570,-1,18.0954
10,570,-1,19.3373
10,570,-1,18.1907
10,570,-1,18.8661
10,570,-1,18.9405
10,570,-1,63.1503
10,570,-1,18.8476
10,570,-1,61.9816
10,570,-1,18.3716
10,570,-1,18.4531
10,570,-1,18.5078
10,570,-1,18.3548
10,580,1,0.211941
10,580,1,0.206165
10,580,1,0.688023
10,580,1,0.786674
10,580,1,0.740799
10,580,1,0.604385
10,580,1,0.608785
10,580,1,0.221653
10,580,1,0.967827
10,580,1,0.61806
10,580,1,0.596497
10,580,1,0.604671
10,580,1,0.241741
10,580,1,0.207216
10,580,1,0.873063
10,580,1,0.290517
10,580,1,2.68787
10,580,1,0.600385
10,580,1,0.675036
10,580,1,0.247304
10,590,-1,36.4493
10,590,-1,60.7742
10,590,-1,46.0254
10,590,-1,63.6315
10,590,-1,57.5218
10,590,-1,18.7488
10,590,-1,64.0835
10,590,-1,18.0852
10,590,-1,19.4586
10,590,-1,63.5755
10,590,-1,42.0693
10,590,-1,18.0666
10,590,-1,19.5507
10,590,-1,18.9183
10,590,-1,19.6816
10,590,-1,66.0052
10,590,-1,18.1026
10,590,-1,19.6465
10,590,-1,17.8674
10,590,-1,19.9736
10,600,2,0.847763
10,600,2,0.94564
10,600,2,1.34603
10,600,2,0.98744
10,600,2,2.44928
10,600,2,2.16575
10,600,2,1.10946
10,600,2,0.890489
10,600,2,0.899252
10,600,2,3.27064
10,600,2,2.03824
10,600,2,1.83885
10,600,2,0.882426
10,600,2,0.759536
10,600,2,0.792837
10,600,2,2.97751
10,600,2,2.24469
10,600,2,0.970777
10,600,2,2.62015
10,600,2,1.24644
10,610,-1,22.3935
10,610,-1,18.5509
10,610,-1,17.9452
10,610,-1,17.9135
10,610,-1,17.9618
10,610,-1,18.2044
10,610,-1,17.896
10,610,-1,18.0372
10,610,-1,17.7315
10,610,-1,19.0485
10,610,-1,22.3559
10,610,-1,19.3357
10,610,-1,17.6818
10,610,-1,18.9019
10,610,-1,18.1439
10,610,-1,19.8486
10,610,-1,18.2283
10,610,-1,18.3576
10,610,-1,18.093
10,610,-1,58.153
10,620,2,2.13253
10,620,2,0.990128
10,620,2,2.76918
10,620,2,1.24523
10,620,2,4.19799
10,620,2,2.14506
10,620,2,1.17449
10,620,2,3.68585
10,620,2,2.15026
10,620,2,1.05647
10,620,2,1.19926
10,620,2,0.912239
10,620,2,3.70816
10,620,2,1.3734
10,620,2,2.68972
10,620,2,1.43391
10,620,2,0.761187
10,620,2,0.802962
10,620,2,0.975278
10,620,2,0.881914
10,630,3,3.17881
10,630,3,7.76483
10,630,3,7.2464
10,630,3,8.12174
10,630,3,9.27028
10,630,3,7.37401
10,630,3,7.8333
10,630,3,7.26151
10,630,3,7.40323
10,630,3,4.2989
10,630,3,9.53511
10,630,3,9.06891
10,630,3,8.59307
10,630,3,3.56605
10,630,3,2.958
10,630,3,9.54361
10,630,3,4.57816
10,630,3,3.49255
10,630,3,8.96048
10,630,3,9.42714
10,640,-1,55.1276
10,640,-1,61.7625
10,640,-1,61.9015
10,640,-1,19.4303
10,640,-1,18.1163
10,640,-1,18.7954
10,640,-1,18.1681
10,640,-1,18.7792
10,640,-1,19.1559
10,640,-1,18.8294
10,640,-1,18.2073
10,640,-1,18.4738
10,640,-1,18.3504
10,640,-1,18.696
10,640,-1,19.7407
10,640,-1,18.8227
10,640,-1,18.2582
10,640,-1,18.287
10,640,-1,18.2641
10,640,-1,19.6094
10,650,4,7.07366
10,650,4,7.93656
10,650,4,5.18065
10,650,4,6.31857
10,650,4,5.26024
10,650,4,5.20634
10,650,4,15.8252
10,650,4,16.9178
10,650,4,8.83389
10,650,4,17.7545
10,650,4,6.96629
10,650,4,5.53707
10,650,4,5.51061
10,650,4,6.77055
10,650,4,21.7118
10,650,4,17.4436
10,650,4,16.7499
10,650,4,5.03674
10,650,4,16.1358
10,650,4,17.8844
10,660,3,3.60959
10,660,3,5.24867
10,660,3,1.84138
10,660,3,4.47123
10,660,3,2.00861
10,660,3,1.43578
10,660,3,1.32136
10,660,3,1.37236
10,660,3,3.2157
10,660,3,1.34065
10,660,3,1.37972
10,660,3,5.40065
10,660,3,1.80894
10,660,3,4.807
10,660,3,1.95709
10,660,3,4.77035
10,660,3,2.07888
10,660,3,1.32057
10,660,3,4.48767
10,660,3,1.91843
10,670,-1,32.3793
10,670,-1,19.324
10,670,-1,38.8217
10,670,-1,17.8507
10,670,-1,18.8075
10,670,-1,18.3814
10,670,-1,19.2156
10,670,-1,21.6222
10,670,-1,18.2839
10,670,-1,18.0428
10,670,-1,68.1875
10,670,-1,61.3982
10,670,-1,61.7507
10,670,-1,61.3086
10,670,-1,17.9559
10,670,-1,18.1093
10,670,-1,19.3344
10,670,-1,60.3417
10,670,-1,19.0052
10,670,-1,20.8192
10,680,-1,27.3639
10,680,-1,63.0119
10,680,-1,18.012
10,680,-1,19.5635
10,680,-1,18.5754
10,680,-1,18.3538
10,680,-1,18.5864
10,680,-1,39.407
10,680,-1,20.1612
10,680,-1,26.6469
10,680,-1,18.8274
10,680,-1,19.0767
10,680,-1,18.7351
10,680,-1,19.3169
10,680,-1,18.1295
10,680,-1,19.972
10,680,-1,18.1139
10,680,-1,20.0825
10,680,-1,18.232
10,680,-1,20.0232
10,690,-1,18.0273
10,690,-1,62.5297
10,690,-1,19.1255
10,690,-1,22.964
10,690,-1,18.4905
10,690,-1,22.5976
10,690,-1,18.5538
10,690,-1,21.8192
10,690,-1,18.4911
10,690,-1,21.9791
10,690,-1,18.7409
10,690,-1,21.8808
10,690,-1,63.7084
10,690,-1,63.7337
10,690,-1,67.0711
10,690,-1,63.4678
10,690,-1,21.89
10,690,-1,20.1205
10,690,-1,18.0363
10,690,-1,19.5855
10,700,4,5.46718
10,700,4,18.9272
10,700,4,19.0168
10,700,4,15.7381
10,700,4,15.81
10,700,4,15.9094
10,700,4,15.7291
10,700,4,15.7872
10,700,4,15.6887
10,700,4,15.8222
10,700,4,15.8066
10,700,4,15.816
10,700,4,6.32981
10,700,4,5.5853
10,700,4,5.36818
10,700,4,5.6415
10,700,4,16.1458
10,700,4,20.716
10,700,4,6.03807
10,700,4,5.36553
10,710,-1,38.4637
10,710,-1,61.3143
10,710,-1,60.8837
10,710,-1,22.5214
10,710,-1,21.3768
10,710,-1,18.5227
10,710,-1,21.9818
10,710,-1,18.5903
10,710,-1,23.8288
10,710,-1,59.5396
10,710,-1,59.055
10,710,-1,47.2953
10,710,-1,18.1956
10,710,-1,22.2413
10,710,-1,17.8801
10,710,-1,18.4849
10,710,-1,18.8857
10,710,-1,18.6676
10,710,-1,18.3308
10,710,-1,18.4357
10,720,-1,22.2863
10,720,-1,21.0673
10,720,-1,19.053
10,720,-1,44.0178
10,720,-1,18.7225
10,720,-1,20.245
10,720,-1,18.1487
10,720,-1,18.8119
10,720,-1,18.2017
10,720,-1,18.0414
10,720,-1,18.2967
10,720,-1,18.42
10,720,-1,18.0891
10,720,-1,18.5831
10,720,-1,20.5788
10,720,-1,18.8177
10,720,-1,18.7257
10,720,-1,18.0197
10,720,-1,18.6984
10,720,-1,18.1928
10,730,-1,20.7965
10,730,-1,25.1298
10,730,-1,19.027
10,730,-1,21.3146
10,730,-1,18.3245
10,730,-1,19.0052
10,730,-1,18.5144
10,730,-1,19.4474
10,730,-1,18.9294
10,730,-1,21.9459
10,730,-1,20.7163
10,730,-1,62.9677
10,730,-1,22.3397
10,730,-1,37.2757
10,730,-1,19.6592
10,730,-1,21.8694
10,730,-1,18.5966
10,730,-1,21.1048
10,730,-1,18.6349
10,730,-1,21.0701
10,740,-1,20.77
10,740,-1,21.2038
10,740,-1,18.9726
10,740,-1,20.7875
10,740,-1,18.1964
10,740,-1,20.7054
10,740,-1,18.4034
10,740,-1,20.4774
10,740,-1,18.2915
10,740,-1,20.8108
10,740,-1,18.5272
10,740,-1,20.8647
10,740,-1,18.1077
10,740,-1,20.6244
10,740,-1,20.0373
10,740,-1,20.9145
10,740,-1,18.4285
10,740,-1,20.529
10,740,-1,18.4105
10,740,-1,20.6635
10,750,-1,20.7088
10,750,-1,23.7392
10,750,-1,59.5746
10,750,-1,18.8217
10,750,-1,59.2583
10,750,-1,17.6139
10,750,-1,18.7903
10,750,-1,17.62
10,750,-1,18.6324
10,750,-1,19.315
10,750,-1,19.0527
10,750,-1,18.2781
10,750,-1,18.1572
10,750,-1,20.7876
10,750,-1,18.2133
10,750,-1,18.2726
10,750,-1,18.2019
10,750,-1,19.2338
10,750,-1,18.8884
10,750,-1,18.9959
10,760,-1,23.1131
10,760,-1,18.3492
10,760,-1,18.5742
10,760,-1,19.4024
10,760,-1,18.5741
10,760,-1,19.3293
10,760,-1,18.954
10,760,-1,18.4899
10,760,-1,18.7228
10,760,-1,18.9761
10,760,-1,19.8813
10,760,-1,60.8395
10,760,-1,23.9561
10,760,-1,20.6911
10,760,-1,18.4945
10,760,-1,18.0162
10,760,-1,17.9349
10,760,-1,18.5312
10,760,-1,17.8479
10,760,-1,18.6768
10,770,-1,23.2092
10,770,-1,58.6521
10,770,-1,20.9338
10,770,-1,17.7911
10,770,-1,17.8053
10,770,-1,18.1167
10,770,-1,17.939
10,770,-1,17.8477
10,770,-1,18.3194
10,770,-1,18.6384
10,770,-1,18.1355
10,770,-1,18.6137
10,770,-1,18.3542
10,770,-1,17.9454
10,770,-1,59.9065
10,770,-1,18.6827
10,770,-1,59.2126
10,770,-1,17.6236
10,770,-1,17.792
10,770,-1,17.803
10,780,-1,22.2952
10,780,-1,18.7701
10,780,-1,18.6823
10,780,-1,59.396
10,780,-1,59.6966
10,780,-1,60.432
10,780,-1,18.663
10,780,-1,61.1954
10,780,-1,59.9515
10,780,-1,18.8608
10,780,-1,18.5562
10,780,-1,46.9896
10,780,-1,59.8436
10,780,-1,60.2302
10,780,-1,61.6793
10,780,-1,59.2606
10,780,-1,61.0621
10,780,-1,19.7906
10,780,-1,59.5474
10,780,-1,61.6861
10,790,-1,22.9411
10,790,-1,23.3876
10,790,-1,18.4537
10,790,-1,21.8349
10,790,-1,19.515
10,790,-1,21.7427
10,790,-1,18.5205
10,790,-1,21.8997
10,790,-1,18.5832
10,790,-1,21.6987
10,790,-1,19.0213
10,790,-1,22.4895
10,790,-1,18.7888
10,790,-1,21.9162
10,790,-1,18.4293
10,790,-1,22.6585
10,790,-1,19.7689
10,790,-1,23.1315
10,790,-1,20.255
10,790,-1,21.7207
10,800,-1,19.2928
10,800,-1,63.4996
10,800,-1,50.1977
10,800,-1,60.9072
10,800,-1,62.0467
10,800,-1,60.1682
10,800,-1,20.5566
10,800,-1,22.4693
10,800,-1,18.9364
10,800,-1,21.9107
10,800,-1,18.6289
10,800,-1,21.8816
10,800,-1,18.1628
10,800,-1,22.3208
10,800,-1,19.0758
10,800,-1,18.4696
10,800,-1,18.603
10,800,-1,19.0689
10,800,-1,18.1116
10,800,-1,18.94
10,810,-1,22.7875
10,810,-1,21.6156
10,810,-1,18.3766
10,810,-1,18.2841
10,810,-1,18.294
10,810,-1,18.329
10,810,-1,18.3333
10,810,-1,18.2111
10,810,-1,18.3577
10,810,-1,18.9271
10,810,-1,18.3611
10,810,-1,18.5044
10,810,-1,18.7992
10,810,-1,19.0542
10,810,-1,18.1195
10,810,-1,18.7996
10,810,-1,17.9408
10,810,-1,18.0782
10,810,-1,18.0936
10,810,-1,18.6781
10,820,-1,24.5103
10,820,-1,63.1817
10,820,-1,21.0596
10,820,-1,18.4288
10,820,-1,18.3179
10,820,-1,18.2463
10,820,-1,18.0311
10,820,-1,59.685
10,820,-1,62.5836
10,820,-1,61.7379
10,820,-1,60.3566
10,820,-1,61.7147
10,820,-1,60.652
10,820,-1,59.8065
10,820,-1,60.8463
10,820,-1,18.9454
10,820,-1,21.3641
10,820,-1,18.385
10,820,-1,59.7195
10,820,-1,59.6678
10,830,-1,27.9261
10,830,-1,62.0119
10,830,-1,31.2192
10,830,-1,21.6173
10,830,-1,18.6608
10,830,-1,21.3568
10,830,-1,18.4214
10,830,-1,21.7403
10,830,-1,19.3329
10,830,-1,21.4141
10,830,-1,20.171
10,830,-1,21.7548
10,830,-1,18.1694
10,830,-1,21.5435
10,830,-1,18.552
10,830,-1,21.6804
10,830,-1,22.4385
10,830,-1,21.6683
10,830,-1,18.3681
10,830,-1,21.8371
10,840,-1,27.1
10,840,-1,35.9937
10,840,-1,61.3832
10,840,-1,60.3677
10,840,-1,60.13
10,840,-1,60.9945
10,840,-1,61.5417
10,840,-1,20.1555
10,840,-1,23.3404
10,840,-1,18.1483
10,840,-1,19.2575
10,840,-1,18.5327
10,840,-1,19.3767
10,840,-1,18.4945
10,840,-1,19.4575
10,840,-1,18.8363
10,840,-1,20.766
10,840,-1,18.4919
10,840,-1,19.9677
10,840,-1,18.0731
10,850,-1,29.1102
10,850,-1,54.7838
10,850,-1,65.8536
10,850,-1,59.2163
10,850,-1,51.9129
10,850,-1,62.6483
10,850,-1,64.8741
10,850,-1,18.0173
10,850,-1,33.0329
10,850,-1,19.1827
10,850,-1,18.2179
10,850,-1,18.4464
10,850,-1,18.7404
10,850,-1,17.7782
10,850,-1,18.363
10,850,-1,18.4499
10,850,-1,18.2762
10,850,-1,18.281
10,850,-1,18.3549
10,850,-1,18.4987
10,860,-1,19.5913
10,860,-1,17.9298
10,860,-1,21.6718
10,860,-1,18.3885
10,860,-1,18.1041
10,860,-1,18.944
10,860,-1,19.5063
10,860,-1,18.2246
10,860,-1,19.5435
10,860,-1,18.1639
10,860,-1,19.3521
10,860,-1,18.1295
10,860,-1,19.6441
10,860,-1,18.2819
10,860,-1,47.825
10,860,-1,18.9192
10,860,-1,19.4798
10,860,-1,18.1502
10,860,-1,19.4989
10,860,-1,18.1207
10,870,-1,19.9108
10,870,-1,17.3685
10,870,-1,58.2086
10,870,-1,20.5833
10,870,-1,19.2232
10,870,-1,17.7724
10,870,-1,19.0879
10,870,-1,17.7864
10,870,-1,19.3812
10,870,-1,17.5504
10,870,-1,19.5127
10,870,-1,17.5636
10,870,-1,39.4452
10,870,-1,57.7312
10,870,-1,57.4147
10,870,-1,57.0107
10,870,-1,56.1137
10,870,-1,56.497
10,870,-1,53.7065
10,870,-1,17.9051
10,880,-1,23.8967
10,880,-1,18.5577
10,880,-1,19.0371
10,880,-1,17.9583
10,880,-1,18.2258
10,880,-1,18.5752
10,880,-1,19.2389
10,880,-1,18.6128
10,880,-1,19.7328
10,880,-1,17.8041
10,880,-1,19.0824
10,880,-1,18.3812
10,880,-1,19.225
10,880,-1,18.0925
10,880,-1,19.5068
10,880,-1,17.9913
10,880,-1,19.267
10,880,-1,18.6808
10,880,-1,19.2352
10,880,-1,18.0543
10,890,-1,23.636
10,890,-1,19.2701
10,890,-1,19.5569
10,890,-1,18.2072
10,890,-1,19.6602
10,890,-1,19.1788
10,890,-1,19.2845
10,890,-1,18.6866
10,890,-1,19.8651
10,890,-1,18.2677
10,890,-1,19.3182
10,890,-1,18.7053
10,890,-1,19.404
10,890,-1,18.4619
10,890,-1,20.4784
10,890,-1,18.2193
10,890,-1,19.8934
10,890,-1,18.3849
10,890,-1,19.5144
10,890,-1,18.002
10,900,3,2.84292
10,900,3,4.12885
10,900,3,11.4359
10,900,3,9.39921
10,900,3,8.90155
10,900,3,11.4471
10,900,3,4.89481
10,900,3,11.5638
10,900,3,5.1272
10,900,3,11.5648
10,900,3,8.82604
10,900,3,8.95906
10,900,3,3.24976
10,900,3,9.8478
10,900,3,8.83236
10,900,3,8.30718
10,900,3,12.4405
10,900,3,8.84457
10,900,3,9.87819
10,900,3,8.91004
10,910,-1,50.803
10,910,-1,54.9749
10,910,-1,55.0395
10,910,-1,61.7934
10,910,-1,21.0118
10,910,-1,19.9711
10,910,-1,18.2857
10,910,-1,20.4557
10,910,-1,18.9978
10,910,-1,19.2886
10,910,-1,18.1113
10,910,-1,19.703
10,910,-1,18.3388
10,910,-1,67.61
10,910,-1,65.6867
10,910,-1,19.4508
10,910,-1,19.5692
10,910,-1,18.1743
10,910,-1,19.1259
10,910,-1,18.9974
10,920,2,0.308492
10,920,2,0.320792
10,920,2,0.363356
10,920,2,0.370606
10,920,2,0.360693
10,920,2,1.08623
10,920,2,0.974402
10,920,2,0.388556
10,920,2,1.06778
10,920,2,0.359518
10,920,2,1.30116
10,920,2,0.446644
10,920,2,0.34553
10,920,2,0.471357
10,920,2,0.288317
10,920,2,0.358893
10,920,2,0.338555
10,920,2,0.362318
10,920,2,0.999453
10,920,2,0.425894
10,930,-1,26.7911
10,930,-1,60.6845
10,930,-1,19.6054
10,930,-1,18.8929
10,930,-1,20.3984
10,930,-1,18.1172
10,930,-1,41.4637
10,930,-1,19.0991
10,930,-1,19.8597
10,930,-1,18.7351
10,930,-1,18.3883
10,930,-1,18.0829
10,930,-1,18.2442
10,930,-1,18.1625
10,930,-1,18.2021
10,930,-1,18.1618
10,930,-1,19.3123
10,930,-1,18.7683
10,930,-1,17.7966
10,930,-1,18.7081
10,940,-1,22.7448
10,940,-1,43.9678
10,940,-1,61.2466
10,940,-1,23.053
10,940,-1,61.4878
10,940,-1,55.5232
10,940,-1,43.0793
10,940,-1,57.961
10,940,-1,17.8182
10,940,-1,18.482
10,940,-1,17.6398
10,940,-1,19.4888
10,940,-1,17.7887
10,940,-1,19.0595
10,940,-1,17.7306
10,940,-1,21.1897
10,940,-1,19.2253
10,940,-1,20.6787
10,940,-1,19.0112
10,940,-1,22.3909
10,950,-1,23.2787
10,950,-1,30.813
10,950,-1,18.3805
10,950,-1,19.8095
10,950,-1,18.2805
10,950,-1,19.8299
10,950,-1,18.2444
10,950,-1,19.6689
10,950,-1,18.0103
10,950,-1,19.4621
10,950,-1,18.2643
10,950,-1,19.9768
10,950,-1,18.2869
10,950,-1,20.8138
10,950,-1,18.5493
10,950,-1,19.4076
10,950,-1,18.3352
10,950,-1,18.3017
10,950,-1,18.5726
10,950,-1,19.3421
10,960,-1,21.2593
10,960,-1,24.0907
10,960,-1,20.4301
10,960,-1,19.5223
10,960,-1,18.5993
10,960,-1,19.43
10,960,-1,18.8316
10,960,-1,18.9288
10,960,-1,18.799
10,960,-1,20.5297
10,960,-1,18.0396
10,960,-1,20.8659
10,960,-1,18.5364
10,960,-1,19.8782
10,960,-1,18.0976
10,960,-1,19.9384
10,960,-1,17.9322
10,960,-1,19.6959
10,960,-1,18.2908
10,960,-1,20.5289
10,970,-1,64.3992
10,970,-1,63.2148
10,970,-1,60.5223
10,970,-1,61.5384
10,970,-1,61.7127
10,970,-1,19.5488
10,970,-1,21.7105
10,970,-1,18.6231
10,970,-1,22.3108
10,970,-1,19.6498
10,970,-1,21.8873
10,970,-1,18.5097
10,970,-1,22.4203
10,970,-1,19.0522
10,970,-1,30.1913
10,970,-1,61.3074
10,970,-1,21.1524
10,970,-1,63.6168
10,970,-1,61.9366
10,970,-1,19.2931
10,980,-1,25.3491
10,980,-1,20.1098
10,980,-1,56.0124
10,980,-1,64.8218
10,980,-1,64.9565
10,980,-1,21.9956
10,980,-1,19.5225
10,980,-1,21.416
10,980,-1,35.0707
10,980,-1,18.3893
10,980,-1,21.5584
10,980,-1,18.4934
10,980,-1,21.4364
10,980,-1,18.7864
10,980,-1,21.0249
10,980,-1,18.8069
10,980,-1,20.9055
10,980,-1,18.8948
10,980,-1,21.0119
10,980,-1,18.3863
10,990,-1,22.4632
10,990,-1,19.6134
10,990,-1,19.7818
10,990,-1,19.0201
10,990,-1,39.7298
10,990,-1,61.0213
10,990,-1,32.104
10,990,-1,59.7622
10,990,-1,18.8614
10,990,-1,64.1317
10,990,-1,49.9545
10,990,-1,18.4656
10,990,-1,59.9777
10,990,-1,62.1719
10,990,-1,40.6243
10,990,-1,18.27
10,990,-1,18.6415
10,990,-1,21.7707
10,990,-1,19.253
10,990,-1,22.3904
10,1000,1,0.116677
10,1000,1,0.504608
10,1000,1,0.163927
10,1000,1,0.124039
10,1000,1,0.451719
10,1000,1,0.34378
10,1000,1,0.107126
10,1000,1,0.128064
10,1000,1,0.131514
10,1000,1,0.14179
10,1000,1,0.62021
10,1000,1,0.132377
10,1000,1,0.115665
10,1000,1,0.13524
10,1000,1,0.135014
10,1000,1,0.150415
10,1000,1,0.124802
10,1000,1,0.121889
10,1000,1,0.136002
10,1000,1,0.138427
20,0,0,0.095501
20,0,0,0.27343
20,0,0,0.080364
20,0,0,0.102389
20,0,0,0.228628
20,0,0,0.218691
20,0,0,0.075813
20,0,0,0.091952
20,0,0,0.079902
20,0,0,0.077801
20,0,0,0.435045
20,0,0,0.080251
20,0,0,0.094627
20,0,0,0.360343
20,0,0,0.15829
20,0,0,0.075089
20,0,0,0.093976
20,0,0,0.102976
20,0,0,0.265229
20,0,0,0.099326
20,10,1,0.170378
20,10,1,0.436745
20,10,1,0.220603
20,10,1,0.177328
20,10,1,0.188353
20,10,1,0.14644
20,10,1,0.162303
20,10,1,0.551608
20,10,1,0.424957
20,10,1,0.17699
20,10,1,0.554433
20,10,1,0.149278
20,10,1,0.690435
20,10,1,0.332505
20,10,1,0.646922
20,10,1,0.422894
20,10,1,0.193415
20,10,1,0.208415
20,10,1,0.21264
20,10,1,0.18599
20,20,1,0.995015
20,20,1,0.527871
20,20,1,0.187165
20,20,1,0.598697
20,20,1,0.363768
20,20,1,0.49512
20,20,1,0.31358
20,20,1,0.611297
20,20,1,0.246879
20,20,1,0.596021
20,20,1,0.280042
20,20,1,0.680323
20,20,1,0.277642
20,20,1,0.658085
20,20,1,0.201641
20,20,1,0.253392
20,20,1,0.189928
20,20,1,0.235866
20,20,1,0.243353
20,20,1,0.882176
20,30,2,0.889039
20,30,2,0.590859
20,30,2,0.588022
20,30,2,1.95787
20,30,2,1.48772
20,30,2,0.610584
20,30,2,0.599871
20,30,2,0.679648
20,30,2,0.733186
20,30,2,2.83329
20,30,2,0.64121
20,30,2,0.62511
20,30,2,0.926276
20,30,2,0.747424
20,30,2,3.27833
20,30,2,1.1118
20,30,2,0.952864
20,30,2,2.3191
20,30,2,0.860276
20,30,2,0.669548
20,40,2,1.83146
20,40,2,6.04554
20,40,2,2.39456
20,40,2,1.66273
20,40,2,2.26175
20,40,2,2.16057
20,40,2,6.78242
20,40,2,5.25463
20,40,2,4.85104
20,40,2,4.08178
20,40,2,2.2822
20,40,2,6.80149
20,40,2,1.71525
20,40,2,1.63967
20,40,2,1.81808
20,40,2,1.66026
20,40,2,2.48649
20,40,2,1.66525
20,40,2,4.89385
20,40,2,2.45411
20,50,1,1.17274
20,50,1,0.795462
20,50,1,0.363231
20,50,1,0.337118
20,50,1,0.334942
20,50,1,0.422807
20,50,1,0.353918
20,50,1,0.453319
20,50,1,0.332255
20,50,1,0.381656
20,50,1,0.400219
20,50,1,1.19184
20,50,1,0.361655
20,50,1,0.416506
20,50,1,1.34338
20,50,1,0.759986
20,50,1,1.08223
20,50,1,0.772974
20,50,1,0.824888
20,50,1,0.475382
20,60,3,16.0344
20,60,3,16.56
20,60,3,12.3957
20,60,3,11.7858
20,60,3,13.682
20,60,3,11.9195
20,60,3,12.0193
20,60,3,9.72859
20,60,3,14.1125
20,60,3,13.2041
20,60,3,6.38121
20,60,3,14.0025
20,60,3,13.2766
20,60,3,14.1179
20,60,3,12.3643
20,60,3,12.9017
20,60,3,13.7109
20,60,3,11.5302
20,60,3,11.7975
20,60,3,17.1518
20,70,2,9.8235
20,70,2,11.0364
20,70,2,5.74895
20,70,2,10.1917
20,70,2,5.81541
20,70,2,12.6603
20,70,2,9.50271
20,70,2,7.67533
20,70,2,12.0856
20,70,2,7.16106
20,70,2,11.6946
20,70,2,13.2511
20,70,2,10.3479
20,70,2,6.30217
20,70,2,13.5243
20,70,2,6.02757
20,70,2,9.74459
20,70,2,7.08885
20,70,2,4.0777
20,70,2,9.69914
20,80,2,1.71028
20,80,2,5.74304
20,80,2,1.78779
20,80,2,1.31761
20,80,2,2.80866
20,80,2,1.6781
20,80,2,1.60041
20,80,2,4.09403
20,80,2,1.57523
20,80,2,3.64824
20,80,2,2.55648
20,80,2,1.87877
20,80,2,1.4014
20,80,2,3.99654
20,80,2,2.06584
20,80,2,4.34099
20,80,2,2.21152
20,80,2,2.69038
20,80,2,1.53162
20,80,2,3.4569
20,90,2,15.1341
20,90,2,5.07488
20,90,2,10.232
20,90,2,8.67578
20,90,2,8.58825
20,90,2,7.41325
20,90,2,10.7001
20,90,2,7.68326
20,90,2,9.85463
20,90,2,8.53483
20,90,2,11.7478
20,90,2,9.95924
20,90,2,10.7238
20,90,2,8.60558
20,90,2,5.56356
20,90,2,10.8117
20,90,2,9.64452
20,90,2,8.38479
20,90,2,4.31814
20,90,2,6.247
20,100,3,6.69883
20,100,3,5.13067
20,100,3,11.8966
20,100,3,11.2359
20,100,3,14.0189
20,100,3,8.43197
20,100,3,14.8739
20,100,3,12.4065
20,100,3,5.99087
20,100,3,14.0005
20,100,3,12.164
20,100,3,9.45645
20,100,3,10.8612
20,100,3,13.4697
20,100,3,12.4551
20,100,3,11.8839
20,100,3,11.1317
20,100,3,11.134
20,100,3,5.75664
20,100,3,5.16183
20,110,2,4.38846
20,110,2,2.82044
20,110,2,4.31805
20,110,2,2.79974
20,110,2,2.02107
20,110,2,5.25011
20,110,2,2.62423
20,110,2,5.35339
20,110,2,3.12494
20,110,2,2.2517
20,110,2,6.62293
20,110,2,3.82527
20,110,2,10.1515
20,110,2,3.24752
20,110,2,5.89165
20,110,2,3.49194
20,110,2,6.39674
20,110,2,4.46924
20,110,2,2.79128
20,110,2,6.78002
20,120,2,13.0327
20,120,2,10.2314
20,120,2,4.40984
20,120,2,12.4663
20,120,2,5.69099
20,120,2,10.1434
20,120,2,11.4219
20,120,2,9.32766
20,120,2,9.94999
20,120,2,5.74264
20,120,2,9.79151
20,120,2,7.08885
20,120,2,11.013
20,120,2,4.98909
20,120,2,7.99399
20,120,2,6.66944
20,120,2,7.77518
20,120,2,9.98137
20,120,2,7.58644
20,120,2,4.94869
20,130,1,1.26787
20,130,1,0.914002
20,130,1,2.71193
20,130,1,0.548671
20,130,1,0.921377
20,130,1,1.0197
20,130,1,0.774325
20,130,1,0.402394
20,130,1,0.547109
20,130,1,0.414944
20,130,1,0.601909
20,130,1,1.32279
20,130,1,0.570722
20,130,1,0.377306
20,130,1,0.551583
20,130,1,0.555371
20,130,1,1.62301
20,130,1,0.978465
20,130,1,0.58606
20,130,1,0.407906
20,140,3,9.48311
20,140,3,9.44446
20,140,3,6.18943
20,140,3,13.6569
20,140,3,13.455
20,140,3,12.3759
20,140,3,12.5287
20,140,3,13.4527
20,140,3,12.8881
20,140,3,11.1475
20,140,3,15.408
20,140,3,8.13169
20,140,3,13.41
20,140,3,8.70858
20,140,3,14.6167
20,140,3,13.8517
20,140,3,13.3333
20,140,3,13.7297
20,140,3,14.6513
20,140,3,12.3612
20,150,2,1.49986
20,150,2,1.50955
20,150,2,0.771836
20,150,2,0.63141
20,150,2,1.585
20,150,2,1.85522
20,150,2,1.49481
20,150,2,0.80075
20,150,2,1.86933
20,150,2,1.01585
20,150,2,2.22346
20,150,2,1.0078
20,150,2,2.39135
20,150,2,1.94217
20,150,2,1.01707
20,150,2,2.55041
20,150,2,0.917752
20,150,2,2.53633
20,150,2,0.931639
20,150,2,2.29072
20,160,3,20.3312
20,160,3,39.5979
20,160,3,34.4015
20,160,3,36.9564
20,160,3,34.1505
20,160,3,14.735
20,160,3,13.9267
20,160,3,14.1447
20,160,3,14.7122
20,160,3,13.9057
20,160,3,13.9949
20,160,3,13.8914
20,160,3,13.912
20,160,3,14.1781
20,160,3,14.1566
20,160,3,14.031
20,160,3,14.1632
20,160,3,14.8698
20,160,3,13.8703
20,160,3,14.5571
20,170,2,3.02445
20,170,2,2.68889
20,170,2,2.76741
20,170,2,3.05703
20,170,2,5.75609
20,170,2,3.77958
20,170,2,7.37646
20,170,2,3.79883
20,170,2,7.25997
20,170,2,5.75015
20,170,2,7.38646
20,170,2,4.88769
20,170,2,2.78365
20,170,2,2.74139
20,170,2,6.07218
20,170,2,3.66037
20,170,2,4.24463
20,170,2,8.10195
20,170,2,4.57526
20,170,2,10.3313
20,180,3,13.4962
20,180,3,18.3388
20,180,3,19.8397
20,180,3,18.2698
20,180,3,20.015
20,180,3,18.8779
20,180,3,19.8553
20,180,3,18.6148
20,180,3,21.2511
20,180,3,17.5494
20,180,3,8.04941
20,180,3,9.79784
20,180,3,18.4229
20,180,3,21.7598
20,180,3,8.26974
20,180,3,17.9476
20,180,3,8.87152
20,180,3,19.2772
20,180,3,11.472
20,180,3,17.9477
20,190,3,14.7297
20,190,3,10.6244
20,190,3,56.4206
20,190,3,24.2863
20,190,3,23.6352
20,190,3,23.8625
20,190,3,24.497
20,190,3,25.528
20,190,3,23.7288
20,190,3,23.1188
20,190,3,25.9473
20,190,3,23.63
20,190,3,24.6377
20,190,3,23.3671
20,190,3,18.0855
20,190,3,24.0075
20,190,3,24.2929
20,190,3,9.9109
20,190,3,23.066
20,190,3,9.39674
20,200,1,0.435407
20,200,1,0.542409
20,200,1,0.155402
20,200,1,0.160702
20,200,1,0.148428
20,200,1,0.419219
20,200,1,0.15709
20,200,1,0.160365
20,200,1,0.717473
20,200,1,0.220453
20,200,1,0.633635
20,200,1,0.559708
20,200,1,0.438482
20,200,1,0.249342
20,200,1,0.434119
20,200,1,0.197665
20,200,1,0.237766
20,200,1,0.149265
20,200,1,0.156189
20,200,1,0.716449
20,210,2,5.11549
20,210,2,6.67128
20,210,2,3.90945
20,210,2,8.16799
20,210,2,6.54408
20,210,2,6.72705
20,210,2,7.7961
20,210,2,4.02999
20,210,2,8.74265
20,210,2,3.9045
20,210,2,6.76084
20,210,2,4.01426
20,210,2,8.87886
20,210,2,4.24735
20,210,2,8.48801
20,210,2,4.45703
20,210,2,9.20579
20,210,2,5.63869
20,210,2,10.0014
20,210,2,6.56048
20,220,2,4.28984
20,220,2,8.06399
20,220,2,5.63092
20,220,2,3.92571
20,220,2,10.5706
20,220,2,7.4956
20,220,2,8.41801
20,220,2,6.02776
20,220,2,10.4033
20,220,2,8.22373
20,220,2,3.60068
20,220,2,8.63353
20,220,2,6.3964
20,220,2,3.4646
20,220,2,8.54289
20,220,2,6.46483
20,220,2,9.37736
20,220,2,8.06667
20,220,2,3.68426
20,220,2,9.60187
20,230,1,0.905577
20,230,1,0.383831
20,230,1,3.83095
20,230,1,0.797662
20,230,1,0.440919
20,230,1,0.565621
20,230,1,0.501858
20,230,1,0.847013
20,230,1,0.488095
20,230,1,1.04587
20,230,1,0.955502
20,230,1,0.359031
20,230,1,0.391606
20,230,1,1.19094
20,230,1,0.7958
20,230,1,0.802087
20,230,1,0.538646
20,230,1,0.34573
20,230,1,0.422844
20,230,1,0.436994
20,240,2,1.03197
20,240,2,2.36817
20,240,2,2.80797
20,240,2,2.06228
20,240,2,2.58733
20,240,2,1.31072
20,240,2,3.19786
20,240,2,1.66225
20,240,2,1.02017
20,240,2,3.20317
20,240,2,2.64025
20,240,2,2.10765
20,240,2,4.22235
20,240,2,1.58481
20,240,2,1.15933
20,240,2,0.96884
20,240,2,1.22581
20,240,2,0.893626
20,240,2,1.0005
20,240,2,1.03927
20,250,2,5.39507
20,250,2,10.5131
20,250,2,7.65542
20,250,2,7.53703
20,250,2,5.26533
20,250,2,7.36474
20,250,2,4.04316
20,250,2,8.35225
20,250,2,8.7453
20,250,2,7.10712
20,250,2,7.16746
20,250,2,7.87511
20,250,2,7.10955
20,250,2,4.20694
20,250,2,9.77029
20,250,2,4.92031
20,250,2,9.5889
20,250,2,7.1165
20,250,2,4.16243
20,250,2,9.24128
20,260,3,32.8188
20,260,3,20.3408
20,260,3,50.6306
20,260,3,22.0614
20,260,3,22.555
20,260,3,52.1439
20,260,3,52.6462
20,260,3,50.9707
20,260,3,51.5374
20,260,3,51.4973
20,260,3,51.0277
20,260,3,50.8369
20,260,3,51.6213
20,260,3,52.0076
20,260,3,51.3933
20,260,3,50.5614
20,260,3,51.1151
20,260,3,52.183
20,260,3,52.2142
20,260,3,50.9239
20,270,3,17.5388
20,270,3,10.3497
20,270,3,18.3212
20,270,3,10.4938
20,270,3,18.6369
20,270,3,18.016
20,270,3,16.1428
20,270,3,7.88178
20,270,3,7.4334
20,270,3,7.40321
20,270,3,7.5132
20,270,3,8.1535
20,270,3,17.5024
20,270,3,17.1813
20,270,3,16.137
20,270,3,16.0931
20,270,3,16.1114
20,270,3,16.8228
20,270,3,7.95416
20,270,3,16.2371
20,280,3,20.1957
20,280,3,14.3845
20,280,3,9.67301
20,280,3,7.45959
20,280,3,6.28991
20,280,3,16.1254
20,280,3,13.4882
20,280,3,16.0144
20,280,3,13.6513
20,280,3,11.4338
20,280,3,14.1243
20,280,3,16.6942
20,280,3,13.8201
20,280,3,13.85
20,280,3,7.55902
20,280,3,15.5944
20,280,3,14.6121
20,280,3,13.3217
20,280,3,7.07511
20,280,3,7.30318
20,290,2,1.36095
20,290,2,1.39611
20,290,2,7.46835
20,290,2,1.78903
20,290,2,3.3123
20,290,2,2.1462
20,290,2,1.33875
20,290,2,1.44216
20,290,2,3.89967
20,290,2,2.60018
20,290,2,3.14784
20,290,2,2.35996
20,290,2,1.33507
20,290,2,4.6068
20,290,2,3.11576
20,290,2,2.36447
20,290,2,3.72707
20,290,2,2.62504
20,290,2,5.27288
20,290,2,1.789
20,300,3,11.2672
20,300,3,7.99844
20,300,3,9.67822
20,300,3,16.3779
20,300,3,14.3164
20,300,3,16.6987
20,300,3,14.2176
20,300,3,14.2419
20,300,3,14.4121
20,300,3,14.2242
20,300,3,14.2805
20,300,3,14.4528
20,300,3,14.2763
20,300,3,14.2861
20,300,3,14.4399
20,300,3,9.05213
20,300,3,6.90328
20,300,3,7.30484
20,300,3,15.1481
20,300,3,16.6889
20,310,2,8.56597
20,310,2,3.96567
20,310,2,9.67502
20,310,2,14.2263
20,310,2,4.09096
20,310,2,4.10879
20,310,2,8.45777
20,310,2,8.37755
20,310,2,3.9356
20,310,2,10.2733
20,310,2,8.76183
20,310,2,5.59577
20,310,2,11.2885
20,310,2,4.59728
20,310,2,9.44185
20,310,2,5.65656
20,310,2,11.0145
20,310,2,9.21022
20,310,2,4.69882
20,310,2,9.67904
20,320,3,12.5506
20,320,3,5.42688
20,320,3,4.96471
20,320,3,10.0056
20,320,3,4.6907
20,320,3,12.5904
20,320,3,9.97392
20,320,3,6.25525
20,320,3,11.2378
20,320,3,10.235
20,320,3,11.5178
20,320,3,10.0629
20,320,3,10.8406
20,320,3,11.3103
20,320,3,11.1368
20,320,3,5.63403
20,320,3,5.71868
20,320,3,4.68167
20,320,3,10.8316
20,320,3,9.72374
20,330,-1,47743.7
10,15,2,1293.33
