n,V,resultado,tiempo
0,0,0,0.002512
0,0,0,0.002288
0,0,0,0.002338
0,0,0,0.002337
0,0,0,0.00155
0,0,0,0.002025
0,0,0,0.001937
0,0,0,0.002038
0,0,0,0.002138
0,0,0,0.002325
0,0,0,0.001788
0,0,0,0.002237
0,0,0,0.001937
0,0,0,0.001812
0,0,0,0.001937
0,0,0,0.0022
0,0,0,0.002212
0,0,0,0.001925
0,0,0,0.00265
0,0,0,0.002251
0,100,-1,0.0018
0,100,-1,0.001725
0,100,-1,0.001612
0,100,-1,0.002087
0,100,-1,0.001775
0,100,-1,0.001713
0,100,-1,0.0019
0,100,-1,0.0023
0,100,-1,0.002013
0,100,-1,0.001738
0,100,-1,0.002275
0,100,-1,0.001988
0,100,-1,0.001637
0,100,-1,0.001613
0,100,-1,0.001725
0,100,-1,0.001762
0,100,-1,0.00205
0,100,-1,0.002138
0,100,-1,0.0021
0,100,-1,0.001762
0,200,-1,0.001812
0,200,-1,0.001638
0,200,-1,0.001738
0,200,-1,0.0016
0,200,-1,0.00195
0,200,-1,0.001987
0,200,-1,0.001988
0,200,-1,0.00185
0,200,-1,0.002038
0,200,-1,0.00235
0,200,-1,0.002188
0,200,-1,0.00195
0,200,-1,0.001838
0,200,-1,0.001875
0,200,-1,0.002213
0,200,-1,0.00195
0,200,-1,0.002288
0,200,-1,0.002125
0,200,-1,0.0019
0,200,-1,0.002137
0,300,-1,0.001975
0,300,-1,0.002075
0,300,-1,0.001537
0,300,-1,0.0017
0,300,-1,0.001975
0,300,-1,0.001737
0,300,-1,0.0019
0,300,-1,0.002063
0,300,-1,0.002012
0,300,-1,0.0029
0,300,-1,0.002625
0,300,-1,0.001925
0,300,-1,0.001687
0,300,-1,0.00205
0,300,-1,0.001938
0,300,-1,0.0023
0,300,-1,0.001675
0,300,-1,0.001725
0,300,-1,0.001813
0,300,-1,0.001988
0,400,-1,0.002175
0,400,-1,0.002463
0,400,-1,0.0023
0,400,-1,0.001675
0,400,-1,0.001825
0,400,-1,0.001762
0,400,-1,0.001788
0,400,-1,0.001988
0,400,-1,0.002025
0,400,-1,0.00195
0,400,-1,0.00185
0,400,-1,0.001975
0,400,-1,0.002275
0,400,-1,0.0023
0,400,-1,0.00195
0,400,-1,0.002275
0,400,-1,0.001863
0,400,-1,0.0019
0,400,-1,0.001663
0,400,-1,0.00215
0,500,-1,0.002088
0,500,-1,0.001887
0,500,-1,0.003012
0,500,-1,0.001775
0,500,-1,0.001675
0,500,-1,0.001925
0,500,-1,0.002175
0,500,-1,0.0019
0,500,-1,0.00205
0,500,-1,0.001662
0,500,-1,0.001738
0,500,-1,0.001975
0,500,-1,0.002138
0,500,-1,0.0024
0,500,-1,0.001875
0,500,-1,0.001775
0,500,-1,0.001938
0,500,-1,0.001963
0,500,-1,0.001775
0,500,-1,0.003025
0,600,-1,0.003037
0,600,-1,0.002337
0,600,-1,0.001887
0,600,-1,0.002
0,600,-1,0.002512
0,600,-1,0.002187
0,600,-1,0.002912
0,600,-1,0.001876
0,600,-1,0.001725
0,600,-1,0.001862
0,600,-1,0.001825
0,600,-1,0.001825
0,600,-1,0.003137
0,600,-1,0.001838
0,600,-1,0.001863
0,600,-1,0.002112
0,600,-1,0.0022
0,600,-1,0.002025
0,600,-1,0.003187
0,600,-1,0.001675
0,700,-1,0.00175
0,700,-1,0.00165
0,700,-1,0.001763
0,700,-1,0.002275
0,700,-1,0.002162
0,700,-1,0.001663
0,700,-1,0.0016
0,700,-1,0.002138
0,700,-1,0.002025
0,700,-1,0.002338
0,700,-1,0.002313
0,700,-1,0.002587
0,700,-1,0.001738
0,700,-1,0.001813
0,700,-1,0.00165
0,700,-1,0.001787
0,700,-1,0.001725
0,700,-1,0.001887
0,700,-1,0.001925
0,700,-1,0.001638
0,800,-1,0.001775
0,800,-1,0.002062
0,800,-1,0.001812
0,800,-1,0.002437
0,800,-1,0.001788
0,800,-1,0.001876
0,800,-1,0.001837
0,800,-1,0.0023
0,800,-1,0.001525
0,800,-1,0.002675
0,800,-1,0.001912
0,800,-1,0.001775
0,800,-1,0.0019
0,800,-1,0.00175
0,800,-1,0.001775
0,800,-1,0.00165
0,800,-1,0.001587
0,800,-1,0.0018
0,800,-1,0.0019
0,800,-1,0.001788
0,900,-1,0.001625
0,900,-1,0.001688
0,900,-1,0.0021
0,900,-1,0.0018
0,900,-1,0.001825
0,900,-1,0.001675
0,900,-1,0.001813
0,900,-1,0.001612
0,900,-1,0.002237
0,900,-1,0.002088
0,900,-1,0.001937
0,900,-1,0.002713
0,900,-1,0.002288
0,900,-1,0.001875
0,900,-1,0.0023
0,900,-1,0.002213
0,900,-1,0.002025
0,900,-1,0.001688
0,900,-1,0.001625
0,900,-1,0.001662
0,1000,-1,0.001788
0,1000,-1,0.00205
0,1000,-1,0.0021
0,1000,-1,0.001675
0,1000,-1,0.001787
0,1000,-1,0.001888
0,1000,-1,0.001875
0,1000,-1,0.001737
0,1000,-1,0.002013
0,1000,-1,0.001687
0,1000,-1,0.001912
0,1000,-1,0.001925
0,1000,-1,0.001912
0,1000,-1,0.0029
0,1000,-1,0.002013
0,1000,-1,0.001988
0,1000,-1,0.00185
0,1000,-1,0.001788
0,1000,-1,0.001763
0,1000,-1,0.001763
100,0,0,0.159128
100,0,0,0.156402
100,0,0,0.158527
100,0,0,0.179553
100,0,0,0.198953
100,0,0,0.180503
100,0,0,0.159639
100,0,0,0.166303
100,0,0,0.155527
100,0,0,0.173765
100,0,0,0.174552
100,0,0,0.150403
100,0,0,0.165228
100,0,0,0.251279
100,0,0,0.209041
100,0,0,0.15149
100,0,0,0.169102
100,0,0,0.270754
100,0,0,0.184215
100,0,0,0.407256
100,100,38,9.03208
100,100,38,8.13123
100,100,38,7.75235
100,100,38,7.59575
100,100,38,7.29978
100,100,38,10.8096
100,100,38,11.9321
100,100,38,7.5382
100,100,38,8.08561
100,100,38,7.6761
100,100,38,9.11477
100,100,38,8.50809
100,100,38,7.4762
100,100,38,9.1319
100,100,38,7.7579
100,100,38,8.25568
100,100,38,8.78558
100,100,38,7.45012
100,100,38,8.12098
100,100,38,7.54325
100,200,40,14.2616
100,200,40,13.7569
100,200,40,15.0492
100,200,40,17.2661
100,200,40,12.9028
100,200,40,12.9618
100,200,40,13.1662
100,200,40,12.9191
100,200,40,16.3137
100,200,40,16.8167
100,200,40,15.3384
100,200,40,13.5656
100,200,40,15.5626
100,200,40,15.5156
100,200,40,15.6048
100,200,40,13.7685
100,200,40,15.0876
100,200,40,15.7608
100,200,40,16.5194
100,200,40,14.1525
100,300,40,33.041
100,300,40,22.5761
100,300,40,24.0132
100,300,40,25.0093
100,300,40,26.8794
100,300,40,21.3897
100,300,40,22.487
100,300,40,21.3848
100,300,40,22.8242
100,300,40,22.6135
100,300,40,22.3813
100,300,40,22.6326
100,300,40,23.0906
100,300,40,22.2893
100,300,40,22.4026
100,300,40,22.4248
100,300,40,21.5034
100,300,40,22.6514
100,300,40,22.5799
100,300,40,22.2716
100,400,42,34.637
100,400,42,29.8149
100,400,42,36.3845
100,400,42,29.278
100,400,42,33.0624
100,400,42,29.4234
100,400,42,31.3557
100,400,42,29.4809
100,400,42,31.4403
100,400,42,30.7019
100,400,42,32.2638
100,400,42,29.6143
100,400,42,32.4741
100,400,42,29.7086
100,400,42,31.0964
100,400,42,29.5738
100,400,42,33.9472
100,400,42,33.9767
100,400,42,31.2944
100,400,42,31.0637
100,500,45,39.4732
100,500,45,37.5892
100,500,45,39.16
100,500,45,37.5793
100,500,45,42.0642
100,500,45,39.4582
100,500,45,38.4218
100,500,45,37.0418
100,500,45,36.968
100,500,45,37.7901
100,500,45,37.3294
100,500,45,38.0064
100,500,45,37.1278
100,500,45,40.0327
100,500,45,37.9617
100,500,45,46.8668
100,500,45,37.0387
100,500,45,50.6605
100,500,45,37.3728
100,500,45,37.4366
100,600,40,43.1417
100,600,40,43.1461
100,600,40,42.9603
100,600,40,41.8241
100,600,40,42.6782
100,600,40,41.9818
100,600,40,41.8967
100,600,40,41.9744
100,600,40,42.2714
100,600,40,42.7099
100,600,40,44.0831
100,600,40,41.8375
100,600,40,42.1364
100,600,40,41.9591
100,600,40,42.7942
100,600,40,42.3082
100,600,40,42.0477
100,600,40,42.2436
100,600,40,42.3877
100,600,40,42.3912
100,700,40,56.2595
100,700,40,53.2585
100,700,40,55.401
100,700,40,56.0062
100,700,40,84.5257
100,700,40,81.2671
100,700,40,53.2826
100,700,40,53.1963
100,700,40,94.5952
100,700,40,55.6694
100,700,40,58.9436
100,700,40,66.2773
100,700,40,55.2817
100,700,40,73.944
100,700,40,88.8322
100,700,40,78.7816
100,700,40,79.3161
100,700,40,66.7054
100,700,40,72.543
100,700,40,68.5285
100,800,43,119.963
100,800,43,132.359
100,800,43,80.8479
100,800,43,67.6408
100,800,43,67.8748
100,800,43,58.9853
100,800,43,57.9008
100,800,43,57.8665
100,800,43,58.0258
100,800,43,58.0422
100,800,43,58.1222
100,800,43,58.0269
100,800,43,60.5244
100,800,43,59.0392
100,800,43,58.1762
100,800,43,58.0601
100,800,43,58.6335
100,800,43,58.0085
100,800,43,58.0791
100,800,43,58.2264
100,900,44,67.4768
100,900,44,66.5594
100,900,44,109.48
100,900,44,105.201
100,900,44,93.8831
100,900,44,83.3981
100,900,44,86.3544
100,900,44,98.4293
100,900,44,156.212
100,900,44,132.461
100,900,44,76.4834
100,900,44,101.58
100,900,44,89.4627
100,900,44,83.7111
100,900,44,82.9451
100,900,44,83.7597
100,900,44,76.0536
100,900,44,73.5506
100,900,44,74.4349
100,900,44,85.195
100,1000,43,81.4096
100,1000,43,73.7221
100,1000,43,75.1336
100,1000,43,86.8348
100,1000,43,73.1142
100,1000,43,73.102
100,1000,43,88.4034
100,1000,43,91.9331
100,1000,43,75.6913
100,1000,43,85.339
100,1000,43,73.9748
100,1000,43,72.9115
100,1000,43,85.6957
100,1000,43,73.192
100,1000,43,74.0977
100,1000,43,75.7937
100,1000,43,84.0863
100,1000,43,73.8346
100,1000,43,73.63
100,1000,43,99.2052
200,0,0,0.449494
200,0,0,0.446182
200,0,0,0.481769
200,0,0,0.518946
200,0,0,0.728723
200,0,0,0.739524
200,0,0,0.50302
200,0,0,0.454532
200,0,0,0.447544
200,0,0,0.443606
200,0,0,0.49747
200,0,0,0.579871
200,0,0,0.45432
200,0,0,0.517045
200,0,0,0.541633
200,0,0,0.613334
200,0,0,0.471557
200,0,0,0.473232
200,0,0,0.47822
200,0,0,0.576221
200,100,100,15.6531
200,100,100,14.5544
200,100,100,14.433
200,100,100,14.7085
200,100,100,14.6909
200,100,100,14.2378
200,100,100,15.0866
200,100,100,15.07
200,100,100,17.9221
200,100,100,21.4642
200,100,100,14.8271
200,100,100,17.1607
200,100,100,14.3748
200,100,100,14.8293
200,100,100,14.5924
200,100,100,14.7159
200,100,100,18.4488
200,100,100,15.1447
200,100,100,18.6355
200,100,100,19.3691
200,200,75,38.16
200,200,75,35.486
200,200,75,34.43
200,200,75,43.9561
200,200,75,34.8206
200,200,75,48.2526
200,200,75,36.9799
200,200,75,34.4164
200,200,75,34.9103
200,200,75,35.2461
200,200,75,37.5514
200,200,75,37.0366
200,200,75,33.7147
200,200,75,36.6536
200,200,75,35.6863
200,200,75,35.2759
200,200,75,36.2835
200,200,75,34.8931
200,200,75,33.9237
200,200,75,35.6446
200,300,95,58.4972
200,300,95,50.5216
200,300,95,49.1372
200,300,95,58.3591
200,300,95,59.9759
200,300,95,50.6044
200,300,95,57.9468
200,300,95,58.4061
200,300,95,50.0983
200,300,95,48.3624
200,300,95,49.5988
200,300,95,48.4765
200,300,95,49.9039
200,300,95,68.3296
200,300,95,52.006
200,300,95,49.7379
200,300,95,51.8055
200,300,95,49.7986
200,300,95,51.7717
200,300,95,50.1218
200,400,80,70.1981
200,400,80,85.469
200,400,80,69.6637
200,400,80,78.3229
200,400,80,69.6418
200,400,80,69.4044
200,400,80,69.2956
200,400,80,69.4449
200,400,80,71.2717
200,400,80,77.2257
200,400,80,70.0951
200,400,80,78.4852
200,400,80,68.7792
200,400,80,71.7895
200,400,80,77.9166
200,400,80,68.4208
200,400,80,70.0821
200,400,80,69.0926
200,400,80,70.6075
200,400,80,68.7973
200,500,85,92.896
200,500,85,84.852
200,500,85,85.2464
200,500,85,83.9553
200,500,85,94.6645
200,500,85,87.1264
200,500,85,86.5665
200,500,85,84.4693
200,500,85,90.2864
200,500,85,85.462
200,500,85,82.9769
200,500,85,93.9425
200,500,85,84.4804
200,500,85,102.128
200,500,85,99.3319
200,500,85,84.3784
200,500,85,81.838
200,500,85,83.0408
200,500,85,83.2299
200,500,85,96.1291
200,600,86,108.242
200,600,86,111.053
200,600,86,101.871
200,600,86,111.926
200,600,86,102.833
200,600,86,99.9722
200,600,86,100.751
200,600,86,101.175
200,600,86,99.5018
200,600,86,100.89
200,600,86,99.7455
200,600,86,101.172
200,600,86,100.797
200,600,86,102.462
200,600,86,99.3877
200,600,86,99.4309
200,600,86,101.047
200,600,86,99.4411
200,600,86,118.16
200,600,86,100.807
200,700,86,120.886
200,700,86,121.605
200,700,86,121.681
200,700,86,120.721
200,700,86,121.655
200,700,86,121.619
200,700,86,121.374
200,700,86,127.331
200,700,86,119.924
200,700,86,122.576
200,700,86,121.157
200,700,86,119.637
200,700,86,120.414
200,700,86,122.026
200,700,86,120.643
200,700,86,120.894
200,700,86,119.747
200,700,86,123.87
200,700,86,119.587
200,700,86,134.049
200,800,83,143.957
200,800,83,131.348
200,800,83,129.027
200,800,83,133.357
200,800,83,137.421
200,800,83,130.032
200,800,83,140.527
200,800,83,133.932
200,800,83,142.82
200,800,83,134.118
200,800,83,141.61
200,800,83,160.848
200,800,83,138.745
200,800,83,136.614
200,800,83,160.851
200,800,83,132.575
200,800,83,133.606
200,800,83,144.43
200,800,83,128.713
200,800,83,127.825
200,900,93,145.826
200,900,93,146.795
200,900,93,148.121
200,900,93,146.886
200,900,93,146.208
200,900,93,147.75
200,900,93,146.863
200,900,93,148.559
200,900,93,147.339
200,900,93,159.609
200,900,93,159.915
200,900,93,159.507
200,900,93,148.607
200,900,93,156.214
200,900,93,148.371
200,900,93,148.055
200,900,93,148.511
200,900,93,148.073
200,900,93,148.178
200,900,93,172.06
200,1000,83,163.743
200,1000,83,162.457
200,1000,83,162.236
200,1000,83,162.855
200,1000,83,161.977
200,1000,83,162.831
200,1000,83,175.766
200,1000,83,177.487
200,1000,83,175.888
200,1000,83,163.012
200,1000,83,172.803
200,1000,83,176.548
200,1000,83,165.344
200,1000,83,175.791
200,1000,83,167.864
200,1000,83,168.763
200,1000,83,166.573
200,1000,83,163.396
200,1000,83,161.471
200,1000,83,165.485
300,0,0,0.970652
300,0,0,0.967039
300,0,0,0.895488
300,0,0,1.16799
300,0,0,1.28564
300,0,0,1.16475
300,0,0,0.99434
300,0,0,0.867425
300,0,0,1.06254
300,0,0,1.14678
300,0,0,1.1436
300,0,0,0.881901
300,0,0,0.866551
300,0,0,0.863025
300,0,0,0.954915
300,0,0,0.890913
300,0,0,1.04958
300,0,0,1.05138
300,0,0,0.87215
300,0,0,0.921276
300,100,100,45.6517
300,100,100,44.7066
300,100,100,45.2903
300,100,100,45.5838
300,100,100,46.8248
300,100,100,52.1586
300,100,100,45.3488
300,100,100,46.5402
300,100,100,46.0324
300,100,100,45.0579
300,100,100,45.5762
300,100,100,46.0404
300,100,100,46.5555
300,100,100,45.8699
300,100,100,58.7773
300,100,100,44.883
300,100,100,45.8979
300,100,100,45.5473
300,100,100,45.2365
300,100,100,49.0446
300,200,101,96.1702
300,200,101,110.482
300,200,101,95.8088
300,200,101,98.9612
300,200,101,89.4061
300,200,101,89.5628
300,200,101,87.6409
300,200,101,86.217
300,200,101,86.8541
300,200,101,86.8976
300,200,101,88.2181
300,200,101,111.652
300,200,101,88.8848
300,200,101,89.6871
300,200,101,88.5004
300,200,101,94.193
300,200,101,88.575
300,200,101,90.1395
300,200,101,90.1619
300,200,101,88.7443
300,300,118,135.828
300,300,118,128.115
300,300,118,127.363
300,300,118,135.43
300,300,118,127.619
300,300,118,134.181
300,300,118,130.825
300,300,118,132.938
300,300,118,129.411
300,300,118,139.718
300,300,118,144.573
300,300,118,133.053
300,300,118,126.14
300,300,118,133.396
300,300,118,128.756
300,300,118,129.747
300,300,118,136.234
300,300,118,136.205
300,300,118,132.34
300,300,118,133.712
300,400,121,152.949
300,400,121,148.349
300,400,121,148.21
300,400,121,148.667
300,400,121,149.623
300,400,121,147.829
300,400,121,149.21
300,400,121,148.847
300,400,121,161.221
300,400,121,164.628
300,400,121,154.689
300,400,121,145.906
300,400,121,146.646
300,400,121,152.205
300,400,121,145.85
300,400,121,146.971
300,400,121,173.931
300,400,121,249.059
300,400,121,152.288
300,400,121,145.902
300,500,120,214.044
300,500,120,200.805
300,500,120,209.837
300,500,120,207.275
300,500,120,213.91
300,500,120,197.98
300,500,120,201.717
300,500,120,210.32
300,500,120,200.137
300,500,120,198.426
300,500,120,211.719
300,500,120,206.203
300,500,120,211.926
300,500,120,198.535
300,500,120,205.989
300,500,120,202.888
300,500,120,199.924
300,500,120,210.567
300,500,120,199.307
300,500,120,203.56
300,600,118,252.374
300,600,118,248.432
300,600,118,246.271
300,600,118,254.464
300,600,118,251.663
300,600,118,248.603
300,600,118,248.881
300,600,118,256.511
300,600,118,247.32
300,600,118,247.169
300,600,118,247.949
300,600,118,247.992
300,600,118,255.718
300,600,118,249.077
300,600,118,247.789
300,600,118,258.71
300,600,118,257.046
300,600,118,248.478
300,600,118,251.072
300,600,118,247.155
300,700,125,292.996
300,700,125,289.678
300,700,125,285.049
300,700,125,285.818
300,700,125,291.341
300,700,125,289.027
300,700,125,298.573
300,700,125,284.158
300,700,125,286.007
300,700,125,283.333
300,700,125,285.858
300,700,125,277.188
300,700,125,280.841
300,700,125,279.029
300,700,125,283.245
300,700,125,288.068
300,700,125,285.68
300,700,125,283.621
300,700,125,283.21
300,700,125,282.444
300,800,126,341.34
300,800,126,336.547
300,800,126,332.55
300,800,126,329.785
300,800,126,331.893
300,800,126,343.616
300,800,126,331.27
300,800,126,327.341
300,800,126,332.903
300,800,126,334.281
300,800,126,326.863
300,800,126,324.065
300,800,126,324.934
300,800,126,324.099
300,800,126,334.677
300,800,126,345.704
300,800,126,326.76
300,800,126,340.709
300,800,126,325.629
300,800,126,326.439
300,900,116,385.547
300,900,116,374.381
300,900,116,385.906
300,900,116,394.855
300,900,116,386.849
300,900,116,383.918
300,900,116,383.542
300,900,116,379.203
300,900,116,378.225
300,900,116,381.604
300,900,116,390.561
300,900,116,374.607
300,900,116,373.572
300,900,116,373.893
300,900,116,377.602
300,900,116,405.19
300,900,116,383.461
300,900,116,476.326
300,900,116,412.721
300,900,116,416.756
300,1000,125,683.08
300,1000,125,570.916
300,1000,125,524.298
300,1000,125,485.128
300,1000,125,567.53
300,1000,125,456.38
300,1000,125,448.6
300,1000,125,469.123
300,1000,125,493.707
300,1000,125,439.156
300,1000,125,448.04
300,1000,125,407.979
300,1000,125,422.493
300,1000,125,443.751
300,1000,125,538.542
300,1000,125,462.193
300,1000,125,458.402
300,1000,125,419.582
300,1000,125,434.184
300,1000,125,451.221
400,0,0,1.61356
400,0,0,1.61312
400,0,0,1.6315
400,0,0,1.61049
400,0,0,1.96529
400,0,0,1.53097
400,0,0,1.60987
400,0,0,1.56266
400,0,0,1.66813
400,0,0,1.61237
400,0,0,1.67012
400,0,0,1.52657
400,0,0,1.64487
400,0,0,1.5064
400,0,0,1.53067
400,0,0,1.49182
400,0,0,1.74986
400,0,0,1.49036
400,0,0,1.48991
400,0,0,1.50513
400,100,-1,1.56695
400,100,-1,1.55711
400,100,-1,1.89653
400,100,-1,2.57286
400,100,-1,3.19103
400,100,-1,1.61297
400,100,-1,1.56825
400,100,-1,2.85412
400,100,-1,1.58975
400,100,-1,1.6143
400,100,-1,1.63665
400,100,-1,1.54663
400,100,-1,1.5468
400,100,-1,1.6132
400,100,-1,1.62079
400,100,-1,1.54723
400,100,-1,1.76519
400,100,-1,1.60807
400,100,-1,1.54815
400,100,-1,1.55198
400,200,200,114.687
400,200,200,129.221
400,200,200,143.478
400,200,200,136.861
400,200,200,116.347
400,200,200,131.341
400,200,200,144.893
400,200,200,112.256
400,200,200,117.455
400,200,200,161.05
400,200,200,118.277
400,200,200,106.236
400,200,200,129.535
400,200,200,140.537
400,200,200,113.009
400,200,200,107.063
400,200,200,107.44
400,200,200,111.199
400,200,200,126.328
400,200,200,129.905
400,300,150,249.369
400,300,150,293.926
400,300,150,286.698
400,300,150,267.765
400,300,150,280.219
400,300,150,274.706
400,300,150,290.218
400,300,150,254.464
400,300,150,291.956
400,300,150,250.159
400,300,150,282.339
400,300,150,239.638
400,300,150,241.753
400,300,150,239.783
400,300,150,254.551
400,300,150,280.241
400,300,150,292.591
400,300,150,271.87
400,300,150,257.312
400,300,150,306.351
400,400,142,352.655
400,400,142,342.581
400,400,142,341.176
400,400,142,348.688
400,400,142,350.293
400,400,142,352.357
400,400,142,334.836
400,400,142,345.014
400,400,142,339.532
400,400,142,341.74
400,400,142,344.348
400,400,142,336.991
400,400,142,336.641
400,400,142,331.02
400,400,142,321.118
400,400,142,329.979
400,400,142,330.41
400,400,142,327.585
400,400,142,341.484
400,400,142,328.822
400,500,196,350.085
400,500,196,353.429
400,500,196,367.04
400,500,196,380.331
400,500,196,373.036
400,500,196,399.002
400,500,196,363.161
400,500,196,369.178
400,500,196,355.727
400,500,196,355.433
400,500,196,357.995
400,500,196,352.497
400,500,196,374.916
400,500,196,374.477
400,500,196,389.958
400,500,196,363.052
400,500,196,361.75
400,500,196,354.56
400,500,196,356.623
400,500,196,441.204
400,600,170,445.809
400,600,170,472.506
400,600,170,457.912
400,600,170,464.557
400,600,170,454.407
400,600,170,444.989
400,600,170,450.621
400,600,170,463.031
400,600,170,450.031
400,600,170,462.581
400,600,170,491.833
400,600,170,584.577
400,600,170,545.826
400,600,170,504.238
400,600,170,463.115
400,600,170,465.464
400,600,170,480.051
400,600,170,484.223
400,600,170,486.877
400,600,170,456.144
400,700,161,555.167
400,700,161,593.595
400,700,161,532.783
400,700,161,542.628
400,700,161,524.452
400,700,161,524.815
400,700,161,546.031
400,700,161,549.31
400,700,161,539.383
400,700,161,568.196
400,700,161,572.922
400,700,161,585.33
400,700,161,571.757
400,700,161,640.885
400,700,161,593.91
400,700,161,588.411
400,700,161,585.63
400,700,161,564.021
400,700,161,610.296
400,700,161,634.696
400,800,159,597.327
400,800,159,625.142
400,800,159,610.73
400,800,159,584.947
400,800,159,591.294
400,800,159,585.507
400,800,159,586.129
400,800,159,609.286
400,800,159,781.801
400,800,159,760.91
400,800,159,636.652
400,800,159,670.745
400,800,159,638.291
400,800,159,656.397
400,800,159,737.188
400,800,159,683.203
400,800,159,604.056
400,800,159,591.175
400,800,159,613.581
400,800,159,594.65
400,900,184,675.268
400,900,184,663.009
400,900,184,662.85
400,900,184,658.738
400,900,184,689.371
400,900,184,665.996
400,900,184,646.495
400,900,184,658.656
400,900,184,655.128
400,900,184,670.313
400,900,184,722.117
400,900,184,709.854
400,900,184,647.213
400,900,184,688.127
400,900,184,644.549
400,900,184,683.314
400,900,184,698.823
400,900,184,678.843
400,900,184,719.642
400,900,184,714.451
400,1000,172,762.113
400,1000,172,787.305
400,1000,172,808.601
400,1000,172,774.022
400,1000,172,784.448
400,1000,172,830.027
400,1000,172,775.733
400,1000,172,754.121
400,1000,172,776.486
400,1000,172,758.396
400,1000,172,758.569
400,1000,172,751.81
400,1000,172,768.225
400,1000,172,941.036
400,1000,172,818.579
400,1000,172,879.482
400,1000,172,740.667
400,1000,172,734.566
400,1000,172,762.601
400,1000,172,765.731
500,0,0,2.75646
500,0,0,2.71333
500,0,0,2.61273
500,0,0,2.86017
500,0,0,2.35831
500,0,0,5.46393
500,0,0,4.76164
500,0,0,2.45781
500,0,0,2.71321
500,0,0,2.60603
500,0,0,2.47889
500,0,0,2.2772
500,0,0,2.93582
500,0,0,2.34372
500,0,0,2.43174
500,0,0,2.3974
500,0,0,2.54739
500,0,0,2.24441
500,0,0,2.62183
500,0,0,2.44059
500,100,-1,2.88264
500,100,-1,3.44238
500,100,-1,3.51764
500,100,-1,2.41181
500,100,-1,2.46014
500,100,-1,2.91221
500,100,-1,3.02383
500,100,-1,6.5211
500,100,-1,3.08816
500,100,-1,2.66758
500,100,-1,2.60305
500,100,-1,3.03505
500,100,-1,2.62376
500,100,-1,5.7736
500,100,-1,2.38191
500,100,-1,2.41744
500,100,-1,2.47649
500,100,-1,2.37955
500,100,-1,2.68334
500,100,-1,2.70614
500,200,200,231.212
500,200,200,328.707
500,200,200,245.78
500,200,200,219.106
500,200,200,247.44
500,200,200,252.603
500,200,200,240.88
500,200,200,222.009
500,200,200,236.062
500,200,200,230.714
500,200,200,237.698
500,200,200,242.37
500,200,200,239.506
500,200,200,229.642
500,200,200,230.567
500,200,200,226.478
500,200,200,241.585
500,200,200,228.544
500,200,200,232.872
500,200,200,252.068
500,300,-1,246.154
500,300,-1,239.551
500,300,-1,230.492
500,300,-1,246.438
500,300,-1,244.833
500,300,-1,272.998
500,300,-1,234.806
500,300,-1,237.575
500,300,-1,228.591
500,300,-1,225.739
500,300,-1,224.306
500,300,-1,240.907
500,300,-1,239.044
500,300,-1,227.582
500,300,-1,229.296
500,300,-1,228.437
500,300,-1,228.625
500,300,-1,222.989
500,300,-1,224.19
500,300,-1,237.462
500,400,242,461.518
500,400,242,457.562
500,400,242,468.156
500,400,242,481.138
500,400,242,450.43
500,400,242,464.525
500,400,242,470.186
500,400,242,489.118
500,400,242,453.269
500,400,242,467.043
500,400,242,509.234
500,400,242,460.224
500,400,242,469.155
500,400,242,489.58
500,400,242,466.78
500,400,242,469.787
500,400,242,541.284
500,400,242,474.248
500,400,242,536.139
500,400,242,558.018
500,500,184,688.344
500,500,184,729.803
500,500,184,683.035
500,500,184,694.488
500,500,184,625.287
500,500,184,633.949
500,500,184,648.11
500,500,184,692.346
500,500,184,703.871
500,500,184,654.159
500,500,184,667.586
500,500,184,663.093
500,500,184,661.773
500,500,184,709.891
500,500,184,641.6
500,500,184,618.97
500,500,184,632.897
500,500,184,619.692
500,500,184,632.8
500,500,184,637.96
500,600,265,648.47
500,600,265,635.051
500,600,265,626.579
500,600,265,618.228
500,600,265,618.942
500,600,265,627.021
500,600,265,711.249
500,600,265,696.245
500,600,265,637.326
500,600,265,688.399
500,600,265,659.21
500,600,265,812.917
500,600,265,702.432
500,600,265,639.928
500,600,265,775.299
500,600,265,726.502
500,600,265,688.761
500,600,265,737.229
500,600,265,742.168
500,600,265,674.675
500,700,198,931.89
500,700,198,994.841
500,700,198,945.326
500,700,198,863.116
500,700,198,923.087
500,700,198,889.914
500,700,198,972.052
500,700,198,984.628
500,700,198,956.463
500,700,198,963.786
500,700,198,878.023
500,700,198,874.573
500,700,198,871.83
500,700,198,906.05
500,700,198,1009.15
500,700,198,1022.75
500,700,198,928.871
500,700,198,924.298
500,700,198,907.332
500,700,198,1074.98
500,800,261,897.561
500,800,261,916.09
500,800,261,896.074
500,800,261,904.333
500,800,261,861.184
500,800,261,853.767
500,800,261,883.923
500,800,261,920.496
500,800,261,889.533
500,800,261,939.908
500,800,261,846.831
500,800,261,856.569
500,800,261,922.471
500,800,261,824.594
500,800,261,835.872
500,800,261,844.329
500,800,261,818.912
500,800,261,869.594
500,800,261,845.837
500,800,261,876.099
500,900,219,1154.26
500,900,219,1107.23
500,900,219,1045.97
500,900,219,1143.21
500,900,219,1186.11
500,900,219,1207.62
500,900,219,1239.46
500,900,219,1048.06
500,900,219,1211.31
500,900,219,1086.42
500,900,219,1090.34
500,900,219,1111.75
500,900,219,1054.89
500,900,219,1084.09
500,900,219,1077.67
500,900,219,1072.3
500,900,219,1060.83
500,900,219,1066.92
500,900,219,1077.44
500,900,219,1059.39
500,1000,190,1270
500,1000,190,1247.92
500,1000,190,1256.87
500,1000,190,1224.46
500,1000,190,1234.17
500,1000,190,1229.55
500,1000,190,1269.62
500,1000,190,1257
500,1000,190,1255.01
500,1000,190,1269.94
500,1000,190,1273.12
500,1000,190,1264.55
500,1000,190,1256.42
500,1000,190,1254.46
500,1000,190,1226.28
500,1000,190,1220.81
500,1000,190,1229.26
500,1000,190,1231.58
500,1000,190,1214.51
500,1000,190,1226
600,0,0,4.95683
600,0,0,3.40096
600,0,0,3.42721
600,0,0,3.32904
600,0,0,4.31038
600,0,0,3.32489
600,0,0,3.37496
600,0,0,3.33431
600,0,0,3.35324
600,0,0,3.32482
600,0,0,3.31421
600,0,0,3.368
600,0,0,3.35011
600,0,0,3.22741
600,0,0,3.33845
600,0,0,3.35309
600,0,0,3.41692
600,0,0,3.45018
600,0,0,3.35011
600,0,0,3.36016
600,100,-1,6.39646
600,100,-1,4.13717
600,100,-1,3.73013
600,100,-1,4.55565
600,100,-1,4.92616
600,100,-1,5.802
600,100,-1,3.3783
600,100,-1,3.32975
600,100,-1,3.47706
600,100,-1,3.35697
600,100,-1,3.92572
600,100,-1,3.81903
600,100,-1,3.40313
600,100,-1,3.38523
600,100,-1,3.41549
600,100,-1,3.35816
600,100,-1,3.57894
600,100,-1,3.31635
600,100,-1,3.48854
600,100,-1,6.54177
600,200,200,524.813
600,200,200,521.077
600,200,200,420.801
600,200,200,408.135
600,200,200,408.012
600,200,200,421.843
600,200,200,416.915
600,200,200,410.094
600,200,200,420.514
600,200,200,407.276
600,200,200,409.053
600,200,200,428.119
600,200,200,410.922
600,200,200,411.985
600,200,200,421.308
600,200,200,422.878
600,200,200,414.481
600,200,200,417.574
600,200,200,407.005
600,200,200,406.879
600,300,300,421.342
600,300,300,424.712
600,300,300,418.866
600,300,300,437.986
600,300,300,426.829
600,300,300,432.345
600,300,300,442.512
600,300,300,431.752
600,300,300,434.342
600,300,300,418.917
600,300,300,418.999
600,300,300,451.737
600,300,300,432.303
600,300,300,424.135
600,300,300,463.494
600,300,300,424.295
600,300,300,439.934
600,300,300,429.472
600,300,300,438.439
600,300,300,426.145
600,400,208,821.784
600,400,208,798.745
600,400,208,786.366
600,400,208,777.482
600,400,208,775.041
600,400,208,812.942
600,400,208,840.46
600,400,208,828.854
600,400,208,850.872
600,400,208,820.65
600,400,208,945.091
600,400,208,944.431
600,400,208,926.799
600,400,208,814.526
600,400,208,844.066
600,400,208,799.924
600,400,208,922.425
600,400,208,933.379
600,400,208,914.359
600,400,208,896.102
600,500,307,915.777
600,500,307,805.531
600,500,307,876.524
600,500,307,914.118
600,500,307,832.074
600,500,307,867.541
600,500,307,926.193
600,500,307,861.659
600,500,307,1055.75
600,500,307,957.542
600,500,307,863.333
600,500,307,815.515
600,500,307,1222.72
600,500,307,1040.62
600,500,307,836.21
600,500,307,1127.72
600,500,307,873.951
600,500,307,875.476
600,500,307,929.71
600,500,307,1008.99
600,600,227,1118.38
600,600,227,1115.48
600,600,227,1157.6
600,600,227,1215.9
600,600,227,1260.17
600,600,227,1337.73
600,600,227,1291.42
600,600,227,1261.49
600,600,227,1140.54
600,600,227,1140.41
600,600,227,1193.54
600,600,227,1215.93
600,600,227,1282.15
600,600,227,1300.02
600,600,227,1160.28
600,600,227,1153.58
600,600,227,1184.06
600,600,227,1241.89
600,600,227,1167
600,600,227,1187.45
600,700,271,1354.56
600,700,271,1276.98
600,700,271,1293.82
600,700,271,1347.75
600,700,271,1273.43
600,700,271,1313.57
600,700,271,1290.77
600,700,271,1300.21
600,700,271,1293.27
600,700,271,1283.5
600,700,271,1283.39
600,700,271,1271.14
600,700,271,1281.03
600,700,271,1293.87
600,700,271,1315.79
600,700,271,1336.55
600,700,271,1314.39
600,700,271,1289.58
600,700,271,1336.77
600,700,271,1265.3
600,800,227,1530.4
600,800,227,1543.15
600,800,227,1641.75
600,800,227,1631.54
600,800,227,1700.29
600,800,227,1796.23
600,800,227,1610.68
600,800,227,1588.26
600,800,227,1598.65
600,800,227,1556.78
600,800,227,1567.02
600,800,227,1562.76
600,800,227,1518.35
600,800,227,1564.92
600,800,227,1542.98
600,800,227,1544.98
600,800,227,1576.7
600,800,227,1493.04
600,800,227,1522.67
600,800,227,1499.36
600,900,261,1647.82
600,900,261,1788.95
600,900,261,1764.76
600,900,261,1678.54
600,900,261,1598.14
600,900,261,1652.98
600,900,261,1638.21
600,900,261,1618.01
600,900,261,1635.61
600,900,261,1633.41
600,900,261,1643.59
600,900,261,1621.05
600,900,261,1658.86
600,900,261,1676.34
600,900,261,1654.08
600,900,261,1653.5
600,900,261,1676.81
600,900,261,1650.88
600,900,261,1643.72
600,900,261,1638.25
600,1000,229,1937.34
600,1000,229,2012.77
600,1000,229,2016.61
600,1000,229,2012
600,1000,229,1978.65
600,1000,229,1973.75
600,1000,229,1989.71
600,1000,229,2010.01
600,1000,229,2002.35
600,1000,229,1952.28
600,1000,229,1897.34
600,1000,229,1888.28
600,1000,229,1905.24
600,1000,229,1895.19
600,1000,229,2003.78
600,1000,229,1918.11
600,1000,229,1907.68
600,1000,229,2027.41
600,1000,229,1956.65
600,1000,229,1961.13
700,0,0,4.74293
700,0,0,4.89495
700,0,0,6.88833
700,0,0,4.80118
700,0,0,4.77853
700,0,0,4.70271
700,0,0,7.68354
700,0,0,5.27675
700,0,0,4.73493
700,0,0,5.35519
700,0,0,5.21055
700,0,0,5.49777
700,0,0,4.70752
700,0,0,5.13049
700,0,0,8.43072
700,0,0,5.7601
700,0,0,5.89801
700,0,0,5.0377
700,0,0,5.70175
700,0,0,4.85121
700,100,-1,6.58741
700,100,-1,7.6028
700,100,-1,5.02469
700,100,-1,5.72155
700,100,-1,5.01454
700,100,-1,7.09149
700,100,-1,4.52985
700,100,-1,4.70296
700,100,-1,4.68268
700,100,-1,4.75273
700,100,-1,4.88727
700,100,-1,5.45111
700,100,-1,4.71998
700,100,-1,4.65009
700,100,-1,4.57469
700,100,-1,12.9296
700,100,-1,5.0743
700,100,-1,4.81218
700,100,-1,4.58244
700,100,-1,4.57019
700,200,-1,6.12805
700,200,-1,5.18123
700,200,-1,4.60446
700,200,-1,5.77081
700,200,-1,5.45378
700,200,-1,4.62742
700,200,-1,4.60876
700,200,-1,4.70476
700,200,-1,4.82891
700,200,-1,4.61009
700,200,-1,4.582
700,200,-1,4.66576
700,200,-1,4.66239
700,200,-1,5.39074
700,200,-1,4.86736
700,200,-1,4.71359
700,200,-1,4.63106
700,200,-1,4.67381
700,200,-1,12.7622
700,200,-1,5.43993
700,300,300,745.802
700,300,300,751.871
700,300,300,732.638
700,300,300,717.479
700,300,300,710.275
700,300,300,723.503
700,300,300,696.565
700,300,300,720.251
700,300,300,709.43
700,300,300,695.334
700,300,300,693.738
700,300,300,694.303
700,300,300,690.689
700,300,300,707.166
700,300,300,697.072
700,300,300,722.04
700,300,300,702.049
700,300,300,712.492
700,300,300,712.923
700,300,300,726.336
700,400,-1,694.116
700,400,-1,695.133
700,400,-1,698.669
700,400,-1,691.743
700,400,-1,697.502
700,400,-1,694.661
700,400,-1,688.417
700,400,-1,695.886
700,400,-1,701.156
700,400,-1,695.279
700,400,-1,689.341
700,400,-1,686.644
700,400,-1,706.619
700,400,-1,753.332
700,400,-1,692.342
700,400,-1,695.822
700,400,-1,689.645
700,400,-1,720.237
700,400,-1,694.382
700,400,-1,694.106
700,500,264,1290.19
700,500,264,1293.87
700,500,264,1293.88
700,500,264,1326.55
700,500,264,1316.28
700,500,264,1316.91
700,500,264,1311.17
700,500,264,1329.96
700,500,264,1302.89
700,500,264,1346.55
700,500,264,1348.33
700,500,264,1337.34
700,500,264,1386.39
700,500,264,1343.14
700,500,264,1398.43
700,500,264,1337.91
700,500,264,1376.93
700,500,264,1341.61
700,500,264,1348.43
700,500,264,1328.85
700,600,367,1422.65
700,600,367,1413.04
700,600,367,1436.38
700,600,367,1461.19
700,600,367,1431.31
700,600,367,1422.15
700,600,367,1417.81
700,600,367,1448.96
700,600,367,1489.35
700,600,367,1476.04
700,600,367,1423.51
700,600,367,1498.33
700,600,367,1505.74
700,600,367,1456.25
700,600,367,1419.33
700,600,367,1389.44
700,600,367,1391.4
700,600,367,1419.37
700,600,367,1446.29
700,600,367,1442.1
700,700,263,1799.7
700,700,263,1914.84
700,700,263,1820.21
700,700,263,1819.11
700,700,263,1796.97
700,700,263,1835.01
700,700,263,1808.64
700,700,263,1754.67
700,700,263,1764.32
700,700,263,1813.07
700,700,263,1805.99
700,700,263,1818.2
700,700,263,2027.53
700,700,263,1979.24
700,700,263,2040.29
700,700,263,2257.37
700,700,263,2630.91
700,700,263,2101.93
700,700,263,2195.29
700,700,263,1842.54
700,800,309,1968.4
700,800,309,2032.67
700,800,309,1936.12
700,800,309,1930.83
700,800,309,2023.14
700,800,309,2079.55
700,800,309,2033.56
700,800,309,2223.99
700,800,309,2111.38
700,800,309,2083.6
700,800,309,2196.9
700,800,309,2190.73
700,800,309,2157.13
700,800,309,2018.68
700,800,309,2147.62
700,800,309,2313.98
700,800,309,2115.29
700,800,309,2150.72
700,800,309,2249.01
700,800,309,2300.37
700,900,395,2024.07
700,900,395,2150.65
700,900,395,1989.47
700,900,395,1946.19
700,900,395,1963.82
700,900,395,1956.1
700,900,395,1950.37
700,900,395,2008.84
700,900,395,1999.44
700,900,395,1963.32
700,900,395,1976.29
700,900,395,1921.83
700,900,395,1899.25
700,900,395,1879.51
700,900,395,1920.66
700,900,395,1913.65
700,900,395,1914.73
700,900,395,1934.19
700,900,395,1975.4
700,900,395,1931.92
700,1000,306,2403.53
700,1000,306,2404.61
700,1000,306,2423.84
700,1000,306,2438.04
700,1000,306,2414.44
700,1000,306,2426.45
700,1000,306,2423.68
700,1000,306,2406.41
700,1000,306,2377.8
700,1000,306,2394.09
700,1000,306,2484.93
700,1000,306,2384.09
700,1000,306,2418.04
700,1000,306,2392.45
700,1000,306,2405.06
700,1000,306,2454.26
700,1000,306,2631.63
700,1000,306,2563.7
700,1000,306,2507.15
700,1000,306,2445.69
800,0,0,5.91869
800,0,0,5.9336
800,0,0,5.93053
800,0,0,10.9701
800,0,0,6.44526
800,0,0,5.9538
800,0,0,8.40773
800,0,0,7.70875
800,0,0,5.84401
800,0,0,5.85014
800,0,0,5.92344
800,0,0,6.05666
800,0,0,6.46665
800,0,0,5.90614
800,0,0,5.91055
800,0,0,6.1191
800,0,0,5.99185
800,0,0,5.98933
800,0,0,6.13023
800,0,0,6.00304
800,100,-1,7.3088
800,100,-1,5.95098
800,100,-1,5.98018
800,100,-1,5.99744
800,100,-1,5.87713
800,100,-1,6.02493
800,100,-1,5.94033
800,100,-1,6.78779
800,100,-1,7.83403
800,100,-1,6.03969
800,100,-1,5.85979
800,100,-1,5.83777
800,100,-1,5.90535
800,100,-1,6.13422
800,100,-1,5.9947
800,100,-1,5.88916
800,100,-1,5.96088
800,100,-1,6.07334
800,100,-1,6.74969
800,100,-1,5.8984
800,200,-1,6.08632
800,200,-1,6.21799
800,200,-1,5.97324
800,200,-1,6.0511
800,200,-1,5.98743
800,200,-1,6.15468
800,200,-1,6.00196
800,200,-1,6.03031
800,200,-1,6.0845
800,200,-1,6.0966
800,200,-1,5.9387
800,200,-1,6.0009
800,200,-1,6.00705
800,200,-1,6.22564
800,200,-1,6.11614
800,200,-1,6.34239
800,200,-1,6.00326
800,200,-1,6.08077
800,200,-1,5.99929
800,200,-1,6.04623
800,300,300,1407.51
800,300,300,1116.54
800,300,300,1086.95
800,300,300,1037.32
800,300,300,1042.88
800,300,300,1042.47
800,300,300,1153.93
800,300,300,1037.6
800,300,300,1017.44
800,300,300,1050.55
800,300,300,1025.33
800,300,300,1046.57
800,300,300,1070.6
800,300,300,1031.61
800,300,300,1039.02
800,300,300,1038.96
800,300,300,1032.14
800,300,300,1034.13
800,300,300,1042.34
800,300,300,1048.12
800,400,-1,1028.48
800,400,-1,1035.27
800,400,-1,1020.01
800,400,-1,1110.75
800,400,-1,1098.49
800,400,-1,1104.95
800,400,-1,1112.67
800,400,-1,1088.46
800,400,-1,1117.09
800,400,-1,1185.17
800,400,-1,1303.95
800,400,-1,1119.34
800,400,-1,1171.48
800,400,-1,1141.33
800,400,-1,1100.98
800,400,-1,1237.53
800,400,-1,1117.83
800,400,-1,1150.51
800,400,-1,1097.04
800,400,-1,1191.81
800,500,-1,1149.09
800,500,-1,1094.59
800,500,-1,1092.31
800,500,-1,1183.19
800,500,-1,1163.81
800,500,-1,1052.22
800,500,-1,1048.23
800,500,-1,1156.63
800,500,-1,1121.41
800,500,-1,1174.29
800,500,-1,1189.67
800,500,-1,1134.66
800,500,-1,1163.76
800,500,-1,1171.17
800,500,-1,1140.01
800,500,-1,1048.77
800,500,-1,1112.73
800,500,-1,1064.63
800,500,-1,1088.87
800,500,-1,1098.79
800,600,324,2078.44
800,600,324,2138.82
800,600,324,2095.43
800,600,324,2167.22
800,600,324,2204.62
800,600,324,2307.43
800,600,324,2344.41
800,600,324,2218.65
800,600,324,2273.22
800,600,324,2782.08
800,600,324,2997.73
800,600,324,2897.56
800,600,324,2909.22
800,600,324,2089.58
800,600,324,2882.77
800,600,324,2097.66
800,600,324,2128.85
800,600,324,2050.65
800,600,324,2013.04
800,600,324,2034.72
800,700,438,2072.59
800,700,438,2068.6
800,700,438,2061.06
800,700,438,2057.32
800,700,438,2048.11
800,700,438,2048.13
800,700,438,2034.27
800,700,438,2114.76
800,700,438,2095.95
800,700,438,2083.49
800,700,438,2017.25
800,700,438,2030.06
800,700,438,2022.83
800,700,438,2008.65
800,700,438,2160.99
800,700,438,2250.6
800,700,438,2178.01
800,700,438,2189.66
800,700,438,2333.03
800,700,438,2167.55
800,800,304,2985.78
800,800,304,2801.76
800,800,304,3179.5
800,800,304,3206.25
800,800,304,2944.7
800,800,304,3168.48
800,800,304,2899.42
800,800,304,2836.94
800,800,304,2784.27
800,800,304,3206.82
800,800,304,2908.06
800,800,304,3029.56
800,800,304,3113.31
800,800,304,3045.71
800,800,304,2919.58
800,800,304,3146.88
800,800,304,2850.51
800,800,304,3332.18
800,800,304,2959.39
800,800,304,2983.07
800,900,342,3265.97
800,900,342,3067.64
800,900,342,3780.19
800,900,342,4442.36
800,900,342,3713.24
800,900,342,3084.7
800,900,342,3171.53
800,900,342,3080.02
800,900,342,3341.7
800,900,342,4080.01
800,900,342,3273.24
800,900,342,3543.87
800,900,342,3064.3
800,900,342,3218.97
800,900,342,3316.75
800,900,342,3068.5
800,900,342,3298.45
800,900,342,3047.24
800,900,342,3005.52
800,900,342,2990.4
800,1000,396,3365.86
800,1000,396,3361.49
800,1000,396,3310.74
800,1000,396,3400.62
800,1000,396,3221.76
800,1000,396,3032.86
800,1000,396,3120.21
800,1000,396,3273.58
800,1000,396,3114.32
800,1000,396,3027.36
800,1000,396,3043.73
800,1000,396,3034.04
800,1000,396,3023.64
800,1000,396,3072.29
800,1000,396,3044.73
800,1000,396,3016.05
800,1000,396,3118.33
800,1000,396,3401.27
800,1000,396,3016.27
800,1000,396,3016.95
900,0,0,7.74645
900,0,0,10.2725
900,0,0,7.61639
900,0,0,7.5662
900,0,0,7.45047
900,0,0,7.36305
900,0,0,7.52421
900,0,0,7.88093
900,0,0,7.48954
900,0,0,7.21113
900,0,0,7.31178
900,0,0,7.41681
900,0,0,7.45796
900,0,0,7.30593
900,0,0,7.18993
900,0,0,7.35267
900,0,0,7.51737
900,0,0,7.30757
900,0,0,7.31826
900,0,0,7.39432
900,100,-1,8.03328
900,100,-1,7.72072
900,100,-1,7.20439
900,100,-1,7.41228
900,100,-1,7.33546
900,100,-1,7.73125
900,100,-1,7.5688
900,100,-1,7.37091
900,100,-1,7.35622
900,100,-1,7.31925
900,100,-1,7.48197
900,100,-1,7.32701
900,100,-1,7.30818
900,100,-1,7.39442
900,100,-1,7.45902
900,100,-1,7.34468
900,100,-1,7.36946
900,100,-1,7.38035
900,100,-1,7.48934
900,100,-1,7.35483
900,200,-1,7.81678
900,200,-1,7.73161
900,200,-1,7.49315
900,200,-1,7.43191
900,200,-1,7.34856
900,200,-1,7.34705
900,200,-1,7.38075
900,200,-1,7.39277
900,200,-1,7.41094
900,200,-1,7.26298
900,200,-1,7.32405
900,200,-1,7.45865
900,200,-1,7.48304
900,200,-1,7.45751
900,200,-1,7.52574
900,200,-1,7.55045
900,200,-1,7.29712
900,200,-1,7.31586
900,200,-1,7.20662
900,200,-1,15.9528
900,300,300,1410.19
900,300,300,1398.09
900,300,300,1398.32
900,300,300,1357.17
900,300,300,1396.21
900,300,300,1421.52
900,300,300,1327.49
900,300,300,1337.64
900,300,300,1347.17
900,300,300,1323.57
900,300,300,1477.91
900,300,300,1672.43
900,300,300,1340.57
900,300,300,1379.53
900,300,300,1368.91
900,300,300,1362.36
900,300,300,1400.57
900,300,300,1306.28
900,300,300,1342.49
900,300,300,1309.96
900,400,400,1466.5
900,400,400,1468.25
900,400,400,1471.1
900,400,400,1437.55
900,400,400,1453.01
900,400,400,1443.69
900,400,400,1489.87
900,400,400,1473.38
900,400,400,1477.33
900,400,400,1448.34
900,400,400,1458.39
900,400,400,1452.46
900,400,400,1493.52
900,400,400,1510.68
900,400,400,1487.76
900,400,400,1443.31
900,400,400,1441.78
900,400,400,1465.77
900,400,400,1543.11
900,400,400,1567.44
900,500,-1,1657.56
900,500,-1,2192.14
900,500,-1,1681.78
900,500,-1,1607.26
900,500,-1,1564.47
900,500,-1,1551.62
900,500,-1,1594.71
900,500,-1,1570.66
900,500,-1,1564.69
900,500,-1,1589.84
900,500,-1,1557.11
900,500,-1,1576.03
900,500,-1,1593.3
900,500,-1,1639.35
900,500,-1,1601.65
900,500,-1,1614.87
900,500,-1,1598.41
900,500,-1,1599.55
900,500,-1,1584.78
900,500,-1,1562.4
900,600,303,2659
900,600,303,2632.37
900,600,303,2679.18
900,600,303,2633.26
900,600,303,2772.76
900,600,303,2639.44
900,600,303,2625.46
900,600,303,2688.66
900,600,303,2907.46
900,600,303,3277
900,600,303,2682.04
900,600,303,2699.19
900,600,303,2706.14
900,600,303,2726.23
900,600,303,2854.83
900,600,303,2656.69
900,600,303,2636.05
900,600,303,2602.48
900,600,303,2626.16
900,600,303,2638.17
900,700,382,2880.35
900,700,382,2897.4
900,700,382,2895.55
900,700,382,3072.82
900,700,382,2966.87
900,700,382,3371.28
900,700,382,3209.03
900,700,382,3521.74
900,700,382,3458.77
900,700,382,3258.34
900,700,382,3230.87
900,700,382,3269.27
900,700,382,2870.96
900,700,382,2883.08
900,700,382,2913.88
900,700,382,2893.84
900,700,382,3500.01
900,700,382,3468.11
900,700,382,2971.21
900,700,382,3018.57
900,800,493,3056.56
900,800,493,3035.91
900,800,493,2992.99
900,800,493,3063.04
900,800,493,3074.74
900,800,493,3182.19
900,800,493,3115.61
900,800,493,3223.93
900,800,493,3065.96
900,800,493,3287.27
900,800,493,3363.28
900,800,493,3175.81
900,800,493,3001.99
900,800,493,3112.08
900,800,493,3029.64
900,800,493,3290.38
900,800,493,3129.23
900,800,493,3547.82
900,800,493,3224.28
900,800,493,3055.92
900,900,341,3969.51
900,900,341,4074.15
900,900,341,4134.55
900,900,341,4525.8
900,900,341,3972.14
900,900,341,3997.48
900,900,341,4075.08
900,900,341,4338.02
900,900,341,4497.09
900,900,341,4226.92
900,900,341,4261.05
900,900,341,4844.21
900,900,341,4009.01
900,900,341,3946.88
900,900,341,4009.06
900,900,341,4164.11
900,900,341,4092.57
900,900,341,4319.6
900,900,341,4231.72
900,900,341,4010.83
900,1000,391,4184.01
900,1000,391,4205.63
900,1000,391,4239.56
900,1000,391,4233.61
900,1000,391,4210.31
900,1000,391,4269.51
900,1000,391,4183.89
900,1000,391,4220.85
900,1000,391,4118.32
900,1000,391,4163.98
900,1000,391,4286.89
900,1000,391,4227.72
900,1000,391,4234.29
900,1000,391,4188.66
900,1000,391,4206.45
900,1000,391,4215.79
900,1000,391,4155.16
900,1000,391,4149.3
900,1000,391,4159.25
900,1000,391,4112.89
1000,0,0,13.5213
1000,0,0,10.1879
1000,0,0,9.47672
1000,0,0,9.14285
1000,0,0,9.80059
1000,0,0,11.2491
1000,0,0,9.71353
1000,0,0,9.55827
1000,0,0,10.1787
1000,0,0,9.43774
1000,0,0,9.20119
1000,0,0,10.2502
1000,0,0,10.5407
1000,0,0,9.51817
1000,0,0,9.76124
1000,0,0,9.72048
1000,0,0,9.33144
1000,0,0,9.23809
1000,0,0,9.29704
1000,0,0,10.6363
1000,100,-1,11.5089
1000,100,-1,9.74463
1000,100,-1,9.53085
1000,100,-1,10.4312
1000,100,-1,9.60694
1000,100,-1,10.4819
1000,100,-1,9.54338
1000,100,-1,9.57402
1000,100,-1,9.36443
1000,100,-1,9.74053
1000,100,-1,9.42595
1000,100,-1,9.33448
1000,100,-1,10.7495
1000,100,-1,9.70867
1000,100,-1,9.71289
1000,100,-1,10.2006
1000,100,-1,9.83323
1000,100,-1,10.5651
1000,100,-1,10.348
1000,100,-1,9.47308
1000,200,-1,10.6217
1000,200,-1,10.7859
1000,200,-1,9.41285
1000,200,-1,10.5677
1000,200,-1,10.4696
1000,200,-1,9.33834
1000,200,-1,10.7552
1000,200,-1,10.3062
1000,200,-1,9.52217
1000,200,-1,10.9828
1000,200,-1,10.3581
1000,200,-1,10.0347
1000,200,-1,20.3969
1000,200,-1,13.0714
1000,200,-1,9.69724
1000,200,-1,10.9215
1000,200,-1,9.26654
1000,200,-1,10.8713
1000,200,-1,9.4357
1000,200,-1,9.5959
1000,300,-1,10.8553
1000,300,-1,11.5124
1000,300,-1,9.37585
1000,300,-1,10.7699
1000,300,-1,9.26349
1000,300,-1,9.62118
1000,300,-1,10.5297
1000,300,-1,9.64064
1000,300,-1,9.35588
1000,300,-1,10.8255
1000,300,-1,10.157
1000,300,-1,11.1494
1000,300,-1,12.0139
1000,300,-1,10.1753
1000,300,-1,10.5493
1000,300,-1,10.4007
1000,300,-1,10.5671
1000,300,-1,9.60067
1000,300,-1,9.69233
1000,300,-1,9.42201
1000,400,400,2062.6
1000,400,400,2062.67
1000,400,400,2101.34
1000,400,400,2089.91
1000,400,400,2114.05
1000,400,400,2078.66
1000,400,400,2057.42
1000,400,400,2081.04
1000,400,400,2065.48
1000,400,400,2059.65
1000,400,400,2070.45
1000,400,400,2065.76
1000,400,400,2062.14
1000,400,400,2041.45
1000,400,400,2013.23
1000,400,400,2047.23
1000,400,400,2031.53
1000,400,400,2076.47
1000,400,400,2053.75
1000,400,400,2072.82
1000,500,-1,2084.02
1000,500,-1,2072.68
1000,500,-1,2087.53
1000,500,-1,2126.04
1000,500,-1,2101.89
1000,500,-1,2073
1000,500,-1,2062.25
1000,500,-1,2109.22
1000,500,-1,2055.26
1000,500,-1,2047.26
1000,500,-1,2044.4
1000,500,-1,2075.26
1000,500,-1,2047.72
1000,500,-1,2046.98
1000,500,-1,2061.69
1000,500,-1,2060.66
1000,500,-1,2082.98
1000,500,-1,2076.12
1000,500,-1,2052.24
1000,500,-1,2048.09
1000,600,-1,2295.81
1000,600,-1,2285.96
1000,600,-1,2295.21
1000,600,-1,2272.96
1000,600,-1,2266.77
1000,600,-1,2288.4
1000,600,-1,2347.08
1000,600,-1,2310.15
1000,600,-1,2296.59
1000,600,-1,2251.81
1000,600,-1,2248.61
1000,600,-1,2253.27
1000,600,-1,2242.88
1000,600,-1,2266.28
1000,600,-1,2314.51
1000,600,-1,2312.21
1000,600,-1,2234.67
1000,600,-1,2242.08
1000,600,-1,2261
1000,600,-1,2260.68
1000,700,352,3854.71
1000,700,352,3815.95
1000,700,352,3836
1000,700,352,3911.81
1000,700,352,3849.27
1000,700,352,3808.78
1000,700,352,3825.76
1000,700,352,3817.86
1000,700,352,3810.14
1000,700,352,3817.57
1000,700,352,3831.71
1000,700,352,3918.4
1000,700,352,3843.97
1000,700,352,3813.6
1000,700,352,3838.47
1000,700,352,3814.16
1000,700,352,3872.88
1000,700,352,3889.5
1000,700,352,3840.23
1000,700,352,3930.37
1000,800,482,4060.72
1000,800,482,4255.77
1000,800,482,4017.77
1000,800,482,4042.8
1000,800,482,4075.95
1000,800,482,4031.44
1000,800,482,4113.38
1000,800,482,3972.16
1000,800,482,3987.09
1000,800,482,3990.03
1000,800,482,3987.98
1000,800,482,4007.67
1000,800,482,4028.18
1000,800,482,4006.65
1000,800,482,3986.38
1000,800,482,3958.01
1000,800,482,3954.65
1000,800,482,3998.42
1000,800,482,3964.86
1000,800,482,3959.27
1000,900,596,3968.82
1000,900,596,3949.43
1000,900,596,3932.7
1000,900,596,3984.93
1000,900,596,3936.28
1000,900,596,3944.42
1000,900,596,3908.83
1000,900,596,3937.56
1000,900,596,3994.14
1000,900,596,3996.85
1000,900,596,3928.49
1000,900,596,3905.29
1000,900,596,3937.07
1000,900,596,3914.76
1000,900,596,3975.3
1000,900,596,3925.52
1000,900,596,3918
1000,900,596,3920.49
1000,900,596,3932.01
1000,900,596,3920.23
1000,1000,367,5616.7
1000,1000,367,5586.91
1000,1000,367,5554.05
1000,1000,367,5569.71
1000,1000,367,5586.43
1000,1000,367,5530.57
1000,1000,367,5599.78
1000,1000,367,5815.77
1000,1000,367,5574.88
1000,1000,367,5544.17
1000,1000,367,5567.16
1000,1000,367,5596.08
1000,1000,367,5618.06
1000,1000,367,5597.01
1000,1000,367,5590.1
1000,1000,367,5594.15
1000,1000,367,5618.45
1000,1000,367,5564.95
1000,1000,367,5520.06
1000,1000,367,5551.33
